,VRDeck
0,0.0
5184,0.0
5183,0.0
5180,0.0
5179,0.0
5178,0.0
5176,0.0
5174,0.0
5172,0.0
5171,0.0
5170,0.0
5185,0.0
5168,0.0
5166,0.0
5163,0.0
5162,0.0
5158,0.0
5157,0.0
5156,0.0
5154,0.0
5153,0.0
5152,0.0
5151,0.0
5167,0.0
5150,0.0
5186,0.0
5189,0.0
5229,0.0
5228,0.0
5227,0.0
5224,0.0
5223,0.0
5221,0.0
5220,0.0
5217,0.0
5213,0.0
5211,0.0
5188,0.0
5210,0.0
5205,0.0
5204,0.0
5203,0.0
5201,0.0
5200,0.0
5197,0.0
5195,0.0
5193,0.0
5192,0.0
5190,0.0
5206,0.0
5231,0.0
5149,0.0
5147,0.0
5104,0.0
5102,0.0
5101,0.0
5100,0.0
5099,0.0
5098,0.0
5097,0.0
5096,0.0
5094,0.0
5093,0.0
5106,0.0
5092,0.0
5090,0.0
5089,0.0
5087,0.0
5086,0.0
5084,0.0
5083,0.0
5082,0.0
5081,0.0
5079,0.0
5078,0.0
5091,0.0
5148,0.0
5107,0.0
5110,0.0
5146,0.0
5142,0.0
5141,0.0
5139,0.0
5136,0.0
5135,0.0
5133,0.0
5130,0.0
5129,0.0
5128,0.0
5109,0.0
5127,0.0
5125,0.0
5124,0.0
5122,0.0
5121,0.0
5120,0.0
5116,0.0
5114,0.0
5113,0.0
5112,0.0
5111,0.0
5126,0.0
5077,0.0
5233,0.0
5239,0.0
5355,0.0
5354,0.0
5352,0.0
5349,0.0
5348,0.0
5347,0.0
5346,0.0
5345,0.0
5343,0.0
5340,0.0
5358,0.0
5339,0.0
5336,0.0
5335,0.0
5334,0.0
5333,0.0
5332,0.0
5329,0.0
5328,0.0
5327,0.0
5326,0.0
5324,0.0
5337,0.0
5323,0.0
5359,0.0
5362,0.0
5413,0.0
5411,0.0
5407,0.0
5406,0.0
5404,0.0
5403,0.0
5402,0.0
5401,0.0
5400,0.0
5395,0.0
5361,0.0
5394,0.0
5389,0.0
5388,0.0
5387,0.0
5385,0.0
5384,0.0
5380,0.0
5374,0.0
5373,0.0
5369,0.0
5364,0.0
5391,0.0
5236,0.0
5321,0.0
5319,0.0
5274,0.0
5273,0.0
5272,0.0
5270,0.0
5269,0.0
5268,0.0
5267,0.0
5266,0.0
5264,0.0
5263,0.0
5275,0.0
5262,0.0
5257,0.0
5256,0.0
5255,0.0
5253,0.0
5250,0.0
5249,0.0
5247,0.0
5246,0.0
5245,0.0
5241,0.0
5259,0.0
5320,0.0
5276,0.0
5281,0.0
5317,0.0
5316,0.0
5315,0.0
5314,0.0
5313,0.0
5312,0.0
5311,0.0
5310,0.0
5308,0.0
5304,0.0
5277,0.0
5303,0.0
5301,0.0
5299,0.0
5298,0.0
5295,0.0
5289,0.0
5288,0.0
5285,0.0
5284,0.0
5283,0.0
5282,0.0
5302,0.0
5075,0.0
5073,0.0
5071,0.0
4861,0.0
4860,0.0
4858,0.0
4856,0.0
4855,0.0
4854,0.0
4853,0.0
4852,0.0
4848,0.0
4847,0.0
4863,0.0
4844,0.0
4840,0.0
4838,0.0
4837,0.0
4836,0.0
4832,0.0
4829,0.0
4828,0.0
4826,0.0
4825,0.0
4824,0.0
4841,0.0
4823,0.0
4864,0.0
4868,0.0
4904,0.0
4903,0.0
4901,0.0
4900,0.0
4899,0.0
4898,0.0
4895,0.0
4894,0.0
4893,0.0
4892,0.0
4866,0.0
4891,0.0
4888,0.0
4886,0.0
4881,0.0
4880,0.0
4879,0.0
4876,0.0
4873,0.0
4871,0.0
4870,0.0
4869,0.0
4889,0.0
4905,0.0
4822,0.0
4820,0.0
4784,0.0
4783,0.0
4782,0.0
4781,0.0
4780,0.0
4779,0.0
4778,0.0
4777,0.0
4776,0.0
4773,0.0
4789,0.0
4772,0.0
4770,0.0
4769,0.0
4768,0.0
4763,0.0
4761,0.0
4760,0.0
4757,0.0
4756,0.0
4755,0.0
4754,0.0
4771,0.0
4821,0.0
4790,0.0
4792,0.0
4819,0.0
4818,0.0
4817,0.0
4816,0.0
4814,0.0
4813,0.0
4811,0.0
4810,0.0
4809,0.0
4808,0.0
4791,0.0
4807,0.0
4805,0.0
4804,0.0
4803,0.0
4800,0.0
4799,0.0
4798,0.0
4796,0.0
4795,0.0
4794,0.0
4793,0.0
4806,0.0
4906,0.0
4907,0.0
4908,0.0
5028,0.0
5023,0.0
5022,0.0
5021,0.0
5020,0.0
5019,0.0
5018,0.0
5017,0.0
5015,0.0
5014,0.0
5029,0.0
5012,0.0
5009,0.0
5003,0.0
5002,0.0
5001,0.0
4998,0.0
4997,0.0
4994,0.0
4991,0.0
4990,0.0
4989,0.0
5011,0.0
4988,0.0
5030,0.0
5033,0.0
5070,0.0
5069,0.0
5068,0.0
5066,0.0
5063,0.0
5060,0.0
5058,0.0
5056,0.0
5054,0.0
5051,0.0
5032,0.0
5050,0.0
5048,0.0
5047,0.0
5046,0.0
5045,0.0
5043,0.0
5042,0.0
5041,0.0
5039,0.0
5038,0.0
5037,0.0
5049,0.0
4987,0.0
4984,0.0
4983,0.0
4933,0.0
4932,0.0
4931,0.0
4930,0.0
4929,0.0
4928,0.0
4927,0.0
4926,0.0
4925,0.0
4924,0.0
4935,0.0
4923,0.0
4921,0.0
4920,0.0
4919,0.0
4918,0.0
4917,0.0
4916,0.0
4914,0.0
4913,0.0
4912,0.0
4911,0.0
4922,0.0
4936,0.0
4937,0.0
4944,0.0
4982,0.0
4980,0.0
4979,0.0
4978,0.0
4977,0.0
4976,0.0
4975,0.0
4974,0.0
4973,0.0
4972,0.0
4971,0.0
4970,0.0
4969,0.0
4968,0.0
4967,0.0
4966,0.0
4965,0.0
4964,0.0
4963,0.0
4957,0.0
4951,0.0
4946,0.0
4945,0.0
5414,0.0
4753,0.0
5417,0.0
5419,0.0
5865,0.0
5864,0.0
5863,0.0
5862,0.0
5861,0.0
5860,0.0
5854,0.0
5853,0.0
5852,0.0
5850,0.0
5869,0.0
5849,0.0
5847,0.0
5846,0.0
5845,0.0
5844,0.0
5843,0.0
5841,0.0
5840,0.0
5839,0.0
5838,0.0
5837,0.0
5848,0.0
5836,0.0
5871,0.0
5880,0.0
5911,0.0
5910,0.0
5905,0.0
5904,0.0
5903,0.0
5902,0.0
5901,0.0
5900,0.0
5899,0.0
5897,0.0
5877,0.0
5896,0.0
5894,0.0
5893,0.0
5891,0.0
5890,0.0
5888,0.0
5887,0.0
5886,0.0
5883,0.0
5882,0.0
5881,0.0
5895,0.0
5913,0.0
5834,0.0
5831,0.0
5794,0.0
5792,0.0
5790,0.0
5789,0.0
5788,0.0
5785,0.0
5783,0.0
5781,0.0
5780,0.0
5777,0.0
5795,0.0
5776,0.0
5773,0.0
5771,0.0
5769,0.0
5768,0.0
5767,0.0
5766,0.0
5764,0.0
5760,0.0
5758,0.0
5755,0.0
5775,0.0
5833,0.0
5796,0.0
5798,0.0
5830,0.0
5826,0.0
5825,0.0
5824,0.0
5823,0.0
5821,0.0
5820,0.0
5819,0.0
5817,0.0
5816,0.0
5797,0.0
5814,0.0
5811,0.0
5810,0.0
5809,0.0
5807,0.0
5806,0.0
5804,0.0
5803,0.0
5802,0.0
5800,0.0
5799,0.0
5813,0.0
5753,0.0
5915,0.0
5917,0.0
6029,0.0
6028,0.0
6025,0.0
6024,0.0
6023,0.0
6022,0.0
6020,0.0
6019,0.0
6016,0.0
6015,0.0
6030,0.0
6013,0.0
6011,0.0
6010,0.0
6009,0.0
6008,0.0
6007,0.0
6006,0.0
6003,0.0
6002,0.0
6001,0.0
6000,0.0
6012,0.0
5997,0.0
6031,0.0
6034,0.0
6062,0.0
6061,0.0
6060,0.0
6059,0.0
6058,0.0
6057,0.0
6055,0.0
6054,0.0
6053,0.0
6052,0.0
6032,0.0
6051,0.0
6046,0.0
6045,0.0
6044,0.0
6043,0.0
6042,0.0
6041,0.0
6040,0.0
6039,0.0
6037,0.0
6036,0.0
6050,0.0
5916,0.0
5996,0.0
5994,0.0
5959,0.0
5958,0.0
5957,0.0
5955,0.0
5950,0.0
5949,0.0
5948,0.0
5947,0.0
5944,0.0
5942,0.0
5960,0.0
5939,0.0
5937,0.0
5934,0.0
5932,0.0
5931,0.0
5930,0.0
5926,0.0
5925,0.0
5922,0.0
5920,0.0
5918,0.0
5938,0.0
5995,0.0
5961,0.0
5963,0.0
5993,0.0
5992,0.0
5988,0.0
5986,0.0
5985,0.0
5983,0.0
5982,0.0
5981,0.0
5980,0.0
5979,0.0
5962,0.0
5978,0.0
5976,0.0
5974,0.0
5973,0.0
5972,0.0
5971,0.0
5970,0.0
5969,0.0
5968,0.0
5967,0.0
5965,0.0
5977,0.0
5752,0.0
5751,0.0
5750,0.0
5532,0.0
5531,0.0
5530,0.0
5529,0.0
5528,0.0
5525,0.0
5523,0.0
5522,0.0
5520,0.0
5518,0.0
5533,0.0
5517,0.0
5511,0.0
5510,0.0
5509,0.0
5507,0.0
5506,0.0
5505,0.0
5504,0.0
5503,0.0
5502,0.0
5501,0.0
5516,0.0
5500,0.0
5534,0.0
5537,0.0
5579,0.0
5578,0.0
5575,0.0
5572,0.0
5570,0.0
5568,0.0
5564,0.0
5562,0.0
5555,0.0
5554,0.0
5535,0.0
5553,0.0
5551,0.0
5550,0.0
5549,0.0
5546,0.0
5545,0.0
5544,0.0
5543,0.0
5542,0.0
5541,0.0
5539,0.0
5552,0.0
5580,0.0
5498,0.0
5495,0.0
5451,0.0
5450,0.0
5449,0.0
5448,0.0
5447,0.0
5446,0.0
5445,0.0
5444,0.0
5443,0.0
5442,0.0
5452,0.0
5441,0.0
5438,0.0
5437,0.0
5436,0.0
5434,0.0
5432,0.0
5430,0.0
5429,0.0
5427,0.0
5425,0.0
5423,0.0
5440,0.0
5497,0.0
5454,0.0
5458,0.0
5494,0.0
5489,0.0
5488,0.0
5486,0.0
5481,0.0
5480,0.0
5479,0.0
5478,0.0
5477,0.0
5476,0.0
5456,0.0
5475,0.0
5472,0.0
5471,0.0
5469,0.0
5467,0.0
5465,0.0
5464,0.0
5463,0.0
5462,0.0
5461,0.0
5459,0.0
5474,0.0
5581,0.0
5582,0.0
5583,0.0
5705,0.0
5704,0.0
5702,0.0
5701,0.0
5697,0.0
5695,0.0
5694,0.0
5693,0.0
5692,0.0
5691,0.0
5706,0.0
5690,0.0
5686,0.0
5685,0.0
5684,0.0
5681,0.0
5680,0.0
5677,0.0
5676,0.0
5672,0.0
5670,0.0
5667,0.0
5688,0.0
5665,0.0
5710,0.0
5713,0.0
5749,0.0
5748,0.0
5747,0.0
5746,0.0
5745,0.0
5742,0.0
5741,0.0
5737,0.0
5736,0.0
5735,0.0
5712,0.0
5734,0.0
5732,0.0
5730,0.0
5729,0.0
5728,0.0
5726,0.0
5725,0.0
5723,0.0
5721,0.0
5716,0.0
5715,0.0
5733,0.0
5664,0.0
5663,0.0
5662,0.0
5618,0.0
5617,0.0
5616,0.0
5615,0.0
5614,0.0
5611,0.0
5610,0.0
5608,0.0
5606,0.0
5605,0.0
5620,0.0
5604,0.0
5598,0.0
5595,0.0
5594,0.0
5593,0.0
5591,0.0
5590,0.0
5588,0.0
5586,0.0
5585,0.0
5584,0.0
5601,0.0
5621,0.0
5623,0.0
5624,0.0
5660,0.0
5659,0.0
5658,0.0
5655,0.0
5654,0.0
5652,0.0
5651,0.0
5650,0.0
5649,0.0
5647,0.0
5645,0.0
5644,0.0
5643,0.0
5640,0.0
5638,0.0
5637,0.0
5635,0.0
5634,0.0
5631,0.0
5629,0.0
5628,0.0
5627,0.0
5625,0.0
5418,0.0
4752,0.0
4751,0.0
4750,0.0
3853,0.0
3852,0.0
3849,0.0
3848,0.0
3847,0.0
3846,0.0
3845,0.0
3843,0.0
3842,0.0
3840,0.0
3855,0.0
3839,0.0
3836,0.0
3835,0.0
3834,0.0
3833,0.0
3832,0.0
3831,0.0
3830,0.0
3820,0.0
3819,0.0
3818,0.0
3838,0.0
3816,0.0
3856,0.0
3858,0.0
3889,0.0
3888,0.0
3887,0.0
3885,0.0
3880,0.0
3879,0.0
3878,0.0
3877,0.0
3875,0.0
3874,0.0
3857,0.0
3873,0.0
3871,0.0
3870,0.0
3868,0.0
3867,0.0
3866,0.0
3864,0.0
3863,0.0
3862,0.0
3860,0.0
3859,0.0
3872,0.0
3891,0.0
3813,0.0
3808,0.0
3771,0.0
3770,0.0
3769,0.0
3768,0.0
3767,0.0
3764,0.0
3762,0.0
3759,0.0
3758,0.0
3757,0.0
3772,0.0
3756,0.0
3749,0.0
3745,0.0
3744,0.0
3743,0.0
3742,0.0
3741,0.0
3740,0.0
3739,0.0
3738,0.0
3736,0.0
3751,0.0
3811,0.0
3773,0.0
3775,0.0
3806,0.0
3805,0.0
3804,0.0
3803,0.0
3802,0.0
3800,0.0
3797,0.0
3795,0.0
3794,0.0
3793,0.0
3774,0.0
3791,0.0
3789,0.0
3787,0.0
3786,0.0
3784,0.0
3782,0.0
3781,0.0
3780,0.0
3779,0.0
3778,0.0
3776,0.0
3790,0.0
3735,0.0
3892,0.0
3895,0.0
4022,0.0
4021,0.0
4020,0.0
4019,0.0
4017,0.0
4016,0.0
4015,0.0
4012,0.0
4010,0.0
4008,0.0
4023,0.0
4007,0.0
4003,0.0
4001,0.0
4000,0.0
3993,0.0
3992,0.0
3990,0.0
3989,0.0
3987,0.0
3985,0.0
3979,0.0
4006,0.0
3976,0.0
4025,0.0
4027,0.0
4055,0.0
4054,0.0
4052,0.0
4051,0.0
4049,0.0
4048,0.0
4047,0.0
4046,0.0
4045,0.0
4044,0.0
4026,0.0
4042,0.0
4040,0.0
4039,0.0
4036,0.0
4035,0.0
4034,0.0
4033,0.0
4032,0.0
4031,0.0
4029,0.0
4028,0.0
4041,0.0
3894,0.0
3974,0.0
3972,0.0
3933,0.0
3930,0.0
3929,0.0
3928,0.0
3927,0.0
3924,0.0
3923,0.0
3915,0.0
3914,0.0
3913,0.0
3935,0.0
3912,0.0
3910,0.0
3907,0.0
3906,0.0
3905,0.0
3904,0.0
3902,0.0
3901,0.0
3900,0.0
3899,0.0
3897,0.0
3911,0.0
3973,0.0
3936,0.0
3939,0.0
3971,0.0
3970,0.0
3966,0.0
3963,0.0
3962,0.0
3959,0.0
3958,0.0
3957,0.0
3955,0.0
3954,0.0
3937,0.0
3952,0.0
3950,0.0
3949,0.0
3948,0.0
3946,0.0
3945,0.0
3944,0.0
3943,0.0
3942,0.0
3941,0.0
3940,0.0
3951,0.0
3734,0.0
3733,0.0
3732,0.0
3529,0.0
3528,0.0
3527,0.0
3523,0.0
3521,0.0
3518,0.0
3516,0.0
3513,0.0
3512,0.0
3511,0.0
3530,0.0
3510,0.0
3507,0.0
3506,0.0
3504,0.0
3502,0.0
3501,0.0
3500,0.0
3498,0.0
3497,0.0
3496,0.0
3495,0.0
3508,0.0
3488,0.0
3531,0.0
3533,0.0
3577,0.0
3575,0.0
3570,0.0
3568,0.0
3567,0.0
3565,0.0
3563,0.0
3562,0.0
3561,0.0
3558,0.0
3532,0.0
3555,0.0
3548,0.0
3547,0.0
3545,0.0
3542,0.0
3540,0.0
3539,0.0
3537,0.0
3536,0.0
3535,0.0
3534,0.0
3550,0.0
3578,0.0
3487,0.0
3485,0.0
3448,0.0
3447,0.0
3446,0.0
3445,0.0
3444,0.0
3443,0.0
3442,0.0
3441,0.0
3440,0.0
3438,0.0
3449,0.0
3437,0.0
3434,0.0
3433,0.0
3432,0.0
3429,0.0
3427,0.0
3426,0.0
3424,0.0
3423,0.0
3422,0.0
3421,0.0
3435,0.0
3486,0.0
3450,0.0
3452,0.0
3483,0.0
3481,0.0
3480,0.0
3479,0.0
3478,0.0
3477,0.0
3476,0.0
3474,0.0
3473,0.0
3469,0.0
3451,0.0
3466,0.0
3463,0.0
3462,0.0
3461,0.0
3460,0.0
3459,0.0
3458,0.0
3456,0.0
3455,0.0
3454,0.0
3453,0.0
3464,0.0
3580,0.0
3582,0.0
3583,0.0
3698,0.0
3696,0.0
3695,0.0
3693,0.0
3691,0.0
3690,0.0
3689,0.0
3687,0.0
3686,0.0
3684,0.0
3699,0.0
3681,0.0
3679,0.0
3674,0.0
3673,0.0
3672,0.0
3671,0.0
3670,0.0
3669,0.0
3667,0.0
3666,0.0
3665,0.0
3680,0.0
3664,0.0
3700,0.0
3703,0.0
3731,0.0
3730,0.0
3729,0.0
3728,0.0
3727,0.0
3726,0.0
3724,0.0
3723,0.0
3721,0.0
3719,0.0
3702,0.0
3718,0.0
3714,0.0
3713,0.0
3712,0.0
3711,0.0
3710,0.0
3709,0.0
3708,0.0
3707,0.0
3705,0.0
3704,0.0
3717,0.0
3663,0.0
3662,0.0
3661,0.0
3616,0.0
3615,0.0
3614,0.0
3612,0.0
3611,0.0
3610,0.0
3606,0.0
3605,0.0
3604,0.0
3603,0.0
3617,0.0
3602,0.0
3599,0.0
3598,0.0
3594,0.0
3591,0.0
3589,0.0
3588,0.0
3587,0.0
3586,0.0
3585,0.0
3584,0.0
3600,0.0
3619,0.0
3621,0.0
3622,0.0
3660,0.0
3656,0.0
3652,0.0
3650,0.0
3649,0.0
3647,0.0
3646,0.0
3643,0.0
3641,0.0
3640,0.0
3637,0.0
3635,0.0
3634,0.0
3633,0.0
3631,0.0
3630,0.0
3629,0.0
3628,0.0
3627,0.0
3626,0.0
3625,0.0
3624,0.0
3623,0.0
4056,0.0
4057,0.0
4061,0.0
4066,0.0
4549,0.0
4548,0.0
4544,0.0
4543,0.0
4542,0.0
4540,0.0
4538,0.0
4537,0.0
4536,0.0
4535,0.0
4553,0.0
4534,0.0
4532,0.0
4531,0.0
4530,0.0
4528,0.0
4525,0.0
4524,0.0
4523,0.0
4522,0.0
4520,0.0
4519,0.0
4533,0.0
4518,0.0
4554,0.0
4560,0.0
4596,0.0
4594,0.0
4593,0.0
4591,0.0
4590,0.0
4589,0.0
4588,0.0
4586,0.0
4585,0.0
4582,0.0
4559,0.0
4581,0.0
4578,0.0
4576,0.0
4575,0.0
4574,0.0
4573,0.0
4572,0.0
4570,0.0
4568,0.0
4564,0.0
4563,0.0
4579,0.0
4598,0.0
4517,0.0
4515,0.0
4472,0.0
4470,0.0
4465,0.0
4464,0.0
4461,0.0
4460,0.0
4459,0.0
4456,0.0
4455,0.0
4454,0.0
4473,0.0
4453,0.0
4450,0.0
4447,0.0
4440,0.0
4438,0.0
4437,0.0
4436,0.0
4434,0.0
4433,0.0
4432,0.0
4431,0.0
4452,0.0
4516,0.0
4474,0.0
4478,0.0
4514,0.0
4511,0.0
4510,0.0
4508,0.0
4505,0.0
4503,0.0
4502,0.0
4501,0.0
4499,0.0
4495,0.0
4477,0.0
4494,0.0
4491,0.0
4490,0.0
4489,0.0
4488,0.0
4487,0.0
4486,0.0
4485,0.0
4483,0.0
4481,0.0
4479,0.0
4493,0.0
4599,0.0
4602,0.0
4603,0.0
4706,0.0
4705,0.0
4703,0.0
4702,0.0
4701,0.0
4700,0.0
4698,0.0
4697,0.0
4696,0.0
4694,0.0
4707,0.0
4693,0.0
4690,0.0
4689,0.0
4687,0.0
4686,0.0
4685,0.0
4684,0.0
4681,0.0
4680,0.0
4679,0.0
4676,0.0
4691,0.0
4674,0.0
4712,0.0
4715,0.0
4749,0.0
4748,0.0
4746,0.0
4743,0.0
4740,0.0
4739,0.0
4738,0.0
4737,0.0
4735,0.0
4734,0.0
4713,0.0
4733,0.0
4731,0.0
4730,0.0
4729,0.0
4728,0.0
4723,0.0
4722,0.0
4721,0.0
4720,0.0
4718,0.0
4717,0.0
4732,0.0
4673,0.0
4672,0.0
4671,0.0
4629,0.0
4628,0.0
4627,0.0
4626,0.0
4625,0.0
4624,0.0
4623,0.0
4622,0.0
4621,0.0
4620,0.0
4630,0.0
4619,0.0
4617,0.0
4616,0.0
4615,0.0
4613,0.0
4612,0.0
4611,0.0
4610,0.0
4608,0.0
4606,0.0
4605,0.0
4618,0.0
4631,0.0
4632,0.0
4634,0.0
4667,0.0
4666,0.0
4665,0.0
4662,0.0
4658,0.0
4657,0.0
4656,0.0
4654,0.0
4653,0.0
4651,0.0
4650,0.0
4649,0.0
4648,0.0
4647,0.0
4644,0.0
4643,0.0
4642,0.0
4641,0.0
4640,0.0
4639,0.0
4638,0.0
4637,0.0
4636,0.0
4430,0.0
6063,0.0
4428,0.0
4424,0.0
4204,0.0
4203,0.0
4199,0.0
4196,0.0
4195,0.0
4194,0.0
4192,0.0
4191,0.0
4190,0.0
4188,0.0
4205,0.0
4183,0.0
4181,0.0
4180,0.0
4178,0.0
4173,0.0
4172,0.0
4170,0.0
4168,0.0
4166,0.0
4165,0.0
4162,0.0
4182,0.0
4159,0.0
4206,0.0
4209,0.0
4240,0.0
4239,0.0
4238,0.0
4237,0.0
4236,0.0
4234,0.0
4231,0.0
4230,0.0
4229,0.0
4228,0.0
4207,0.0
4226,0.0
4223,0.0
4222,0.0
4221,0.0
4220,0.0
4218,0.0
4217,0.0
4216,0.0
4212,0.0
4211,0.0
4210,0.0
4225,0.0
4241,0.0
4156,0.0
4153,0.0
4112,0.0
4111,0.0
4110,0.0
4109,0.0
4108,0.0
4106,0.0
4105,0.0
4102,0.0
4101,0.0
4100,0.0
4114,0.0
4097,0.0
4092,0.0
4091,0.0
4089,0.0
4088,0.0
4085,0.0
4079,0.0
4075,0.0
4073,0.0
4071,0.0
4070,0.0
4093,0.0
4155,0.0
4115,0.0
4118,0.0
4152,0.0
4151,0.0
4150,0.0
4149,0.0
4147,0.0
4146,0.0
4142,0.0
4139,0.0
4138,0.0
4135,0.0
4116,0.0
4134,0.0
4131,0.0
4130,0.0
4129,0.0
4126,0.0
4125,0.0
4124,0.0
4123,0.0
4122,0.0
4121,0.0
4119,0.0
4132,0.0
4242,0.0
4243,0.0
4245,0.0
4387,0.0
4386,0.0
4385,0.0
4384,0.0
4383,0.0
4382,0.0
4380,0.0
4377,0.0
4376,0.0
4374,0.0
4389,0.0
4373,0.0
4370,0.0
4367,0.0
4366,0.0
4364,0.0
4361,0.0
4360,0.0
4357,0.0
4355,0.0
4354,0.0
4349,0.0
4372,0.0
4348,0.0
4391,0.0
4393,0.0
4423,0.0
4422,0.0
4421,0.0
4420,0.0
4419,0.0
4417,0.0
4416,0.0
4415,0.0
4413,0.0
4412,0.0
4392,0.0
4411,0.0
4409,0.0
4402,0.0
4401,0.0
4400,0.0
4399,0.0
4398,0.0
4397,0.0
4396,0.0
4395,0.0
4394,0.0
4410,0.0
4347,0.0
4344,0.0
4342,0.0
4288,0.0
4283,0.0
4282,0.0
4280,0.0
4274,0.0
4270,0.0
4269,0.0
4268,0.0
4267,0.0
4266,0.0
4290,0.0
4265,0.0
4263,0.0
4260,0.0
4259,0.0
4258,0.0
4257,0.0
4256,0.0
4255,0.0
4253,0.0
4247,0.0
4246,0.0
4264,0.0
4291,0.0
4295,0.0
4297,0.0
4341,0.0
4339,0.0
4338,0.0
4337,0.0
4335,0.0
4334,0.0
4333,0.0
4330,0.0
4329,0.0
4328,0.0
4327,0.0
4321,0.0
4320,0.0
4316,0.0
4315,0.0
4314,0.0
4309,0.0
4308,0.0
4307,0.0
4306,0.0
4305,0.0
4304,0.0
4298,0.0
4427,0.0
3420,0.0
6065,0.0
6069,0.0
7837,0.0
7836,0.0
7835,0.0
7834,0.0
7830,0.0
7829,0.0
7828,0.0
7827,0.0
7826,0.0
7825,0.0
7839,0.0
7822,0.0
7820,0.0
7819,0.0
7817,0.0
7812,0.0
7811,0.0
7810,0.0
7809,0.0
7808,0.0
7807,0.0
7805,0.0
7821,0.0
7804,0.0
7840,0.0
7842,0.0
7874,0.0
7873,0.0
7872,0.0
7871,0.0
7870,0.0
7866,0.0
7865,0.0
7864,0.0
7863,0.0
7862,0.0
7841,0.0
7861,0.0
7858,0.0
7857,0.0
7856,0.0
7855,0.0
7852,0.0
7849,0.0
7848,0.0
7846,0.0
7844,0.0
7843,0.0
7859,0.0
7875,0.0
7803,0.0
7800,0.0
7757,0.0
7756,0.0
7755,0.0
7753,0.0
7752,0.0
7751,0.0
7749,0.0
7747,0.0
7746,0.0
7745,0.0
7758,0.0
7744,0.0
7742,0.0
7741,0.0
7740,0.0
7739,0.0
7738,0.0
7737,0.0
7736,0.0
7735,0.0
7734,0.0
7733,0.0
7743,0.0
7802,0.0
7760,0.0
7766,0.0
7799,0.0
7798,0.0
7795,0.0
7793,0.0
7792,0.0
7791,0.0
7790,0.0
7789,0.0
7788,0.0
7783,0.0
7763,0.0
7782,0.0
7779,0.0
7778,0.0
7777,0.0
7776,0.0
7775,0.0
7772,0.0
7770,0.0
7769,0.0
7768,0.0
7767,0.0
7781,0.0
7732,0.0
7876,0.0
7880,0.0
8000,0.0
7999,0.0
7998,0.0
7997,0.0
7993,0.0
7992,0.0
7990,0.0
7988,0.0
7987,0.0
7986,0.0
8001,0.0
7984,0.0
7982,0.0
7981,0.0
7980,0.0
7979,0.0
7975,0.0
7974,0.0
7971,0.0
7970,0.0
7966,0.0
7965,0.0
7983,0.0
7964,0.0
8002,0.0
8006,0.0
8040,0.0
8039,0.0
8038,0.0
8037,0.0
8036,0.0
8033,0.0
8032,0.0
8031,0.0
8030,0.0
8029,0.0
8003,0.0
8028,0.0
8021,0.0
8019,0.0
8018,0.0
8016,0.0
8015,0.0
8014,0.0
8013,0.0
8011,0.0
8010,0.0
8007,0.0
8024,0.0
7877,0.0
7963,0.0
7961,0.0
7915,0.0
7914,0.0
7912,0.0
7911,0.0
7909,0.0
7908,0.0
7902,0.0
7901,0.0
7900,0.0
7897,0.0
7918,0.0
7895,0.0
7893,0.0
7892,0.0
7889,0.0
7888,0.0
7887,0.0
7885,0.0
7884,0.0
7883,0.0
7882,0.0
7881,0.0
7894,0.0
7962,0.0
7919,0.0
7923,0.0
7959,0.0
7955,0.0
7953,0.0
7952,0.0
7951,0.0
7950,0.0
7949,0.0
7947,0.0
7946,0.0
7945,0.0
7920,0.0
7944,0.0
7941,0.0
7935,0.0
7932,0.0
7931,0.0
7930,0.0
7928,0.0
7927,0.0
7926,0.0
7925,0.0
7924,0.0
7943,0.0
7730,0.0
7728,0.0
7726,0.0
7500,0.0
7498,0.0
7496,0.0
7493,0.0
7490,0.0
7489,0.0
7488,0.0
7487,0.0
7486,0.0
7485,0.0
7502,0.0
7484,0.0
7479,0.0
7478,0.0
7477,0.0
7476,0.0
7475,0.0
7473,0.0
7472,0.0
7471,0.0
7470,0.0
7469,0.0
7481,0.0
7468,0.0
7503,0.0
7506,0.0
7537,0.0
7536,0.0
7533,0.0
7531,0.0
7529,0.0
7528,0.0
7527,0.0
7526,0.0
7525,0.0
7524,0.0
7504,0.0
7523,0.0
7518,0.0
7517,0.0
7516,0.0
7513,0.0
7512,0.0
7511,0.0
7510,0.0
7509,0.0
7508,0.0
7507,0.0
7519,0.0
7541,0.0
7467,0.0
7464,0.0
7420,0.0
7419,0.0
7418,0.0
7416,0.0
7413,0.0
7412,0.0
7411,0.0
7410,0.0
7409,0.0
7408,0.0
7422,0.0
7406,0.0
7404,0.0
7402,0.0
7401,0.0
7399,0.0
7397,0.0
7396,0.0
7395,0.0
7393,0.0
7392,0.0
7391,0.0
7405,0.0
7465,0.0
7423,0.0
7426,0.0
7463,0.0
7462,0.0
7461,0.0
7460,0.0
7459,0.0
7458,0.0
7457,0.0
7454,0.0
7451,0.0
7449,0.0
7424,0.0
7444,0.0
7442,0.0
7441,0.0
7438,0.0
7437,0.0
7435,0.0
7434,0.0
7433,0.0
7432,0.0
7430,0.0
7429,0.0
7443,0.0
7542,0.0
7543,0.0
7544,0.0
7679,0.0
7678,0.0
7677,0.0
7676,0.0
7675,0.0
7673,0.0
7671,0.0
7669,0.0
7668,0.0
7666,0.0
7680,0.0
7663,0.0
7660,0.0
7659,0.0
7658,0.0
7657,0.0
7652,0.0
7651,0.0
7648,0.0
7646,0.0
7645,0.0
7644,0.0
7661,0.0
7643,0.0
7681,0.0
7687,0.0
7724,0.0
7722,0.0
7720,0.0
7714,0.0
7713,0.0
7711,0.0
7710,0.0
7709,0.0
7707,0.0
7706,0.0
7685,0.0
7705,0.0
7702,0.0
7701,0.0
7698,0.0
7696,0.0
7695,0.0
7694,0.0
7693,0.0
7692,0.0
7691,0.0
7690,0.0
7704,0.0
7642,0.0
7641,0.0
7640,0.0
7593,0.0
7592,0.0
7590,0.0
7588,0.0
7587,0.0
7583,0.0
7581,0.0
7580,0.0
7578,0.0
7575,0.0
7594,0.0
7572,0.0
7565,0.0
7562,0.0
7561,0.0
7560,0.0
7556,0.0
7551,0.0
7550,0.0
7549,0.0
7546,0.0
7545,0.0
7566,0.0
7598,0.0
7602,0.0
7603,0.0
7638,0.0
7637,0.0
7635,0.0
7634,0.0
7633,0.0
7631,0.0
7629,0.0
7627,0.0
7624,0.0
7622,0.0
7621,0.0
7620,0.0
7619,0.0
7616,0.0
7615,0.0
7613,0.0
7612,0.0
7611,0.0
7610,0.0
7609,0.0
7606,0.0
7605,0.0
7604,0.0
8041,0.0
7390,0.0
8043,0.0
8046,0.0
8493,0.0
8491,0.0
8490,0.0
8489,0.0
8485,0.0
8484,0.0
8483,0.0
8481,0.0
8479,0.0
8477,0.0
8494,0.0
8476,0.0
8472,0.0
8471,0.0
8469,0.0
8468,0.0
8466,0.0
8465,0.0
8464,0.0
8463,0.0
8458,0.0
8457,0.0
8475,0.0
8456,0.0
8496,0.0
8498,0.0
8530,0.0
8529,0.0
8527,0.0
8525,0.0
8523,0.0
8522,0.0
8521,0.0
8520,0.0
8519,0.0
8518,0.0
8497,0.0
8515,0.0
8513,0.0
8512,0.0
8510,0.0
8509,0.0
8507,0.0
8506,0.0
8503,0.0
8502,0.0
8501,0.0
8499,0.0
8514,0.0
8531,0.0
8452,0.0
8449,0.0
8401,0.0
8400,0.0
8399,0.0
8398,0.0
8394,0.0
8393,0.0
8390,0.0
8388,0.0
8387,0.0
8386,0.0
8405,0.0
8385,0.0
8383,0.0
8382,0.0
8381,0.0
8380,0.0
8379,0.0
8377,0.0
8376,0.0
8375,0.0
8374,0.0
8372,0.0
8384,0.0
8450,0.0
8406,0.0
8409,0.0
8444,0.0
8443,0.0
8441,0.0
8440,0.0
8436,0.0
8435,0.0
8434,0.0
8433,0.0
8431,0.0
8430,0.0
8407,0.0
8429,0.0
8424,0.0
8422,0.0
8419,0.0
8417,0.0
8416,0.0
8414,0.0
8413,0.0
8412,0.0
8411,0.0
8410,0.0
8426,0.0
8370,0.0
8533,0.0
8535,0.0
8654,0.0
8653,0.0
8651,0.0
8650,0.0
8649,0.0
8648,0.0
8647,0.0
8644,0.0
8643,0.0
8640,0.0
8655,0.0
8637,0.0
8635,0.0
8634,0.0
8632,0.0
8631,0.0
8630,0.0
8629,0.0
8628,0.0
8627,0.0
8625,0.0
8624,0.0
8636,0.0
8622,0.0
8656,0.0
8660,0.0
8690,0.0
8689,0.0
8685,0.0
8684,0.0
8682,0.0
8681,0.0
8680,0.0
8679,0.0
8678,0.0
8677,0.0
8659,0.0
8676,0.0
8673,0.0
8672,0.0
8671,0.0
8670,0.0
8668,0.0
8666,0.0
8664,0.0
8663,0.0
8662,0.0
8661,0.0
8674,0.0
8534,0.0
8620,0.0
8615,0.0
8569,0.0
8566,0.0
8565,0.0
8564,0.0
8563,0.0
8561,0.0
8560,0.0
8556,0.0
8554,0.0
8553,0.0
8570,0.0
8551,0.0
8549,0.0
8547,0.0
8546,0.0
8545,0.0
8544,0.0
8543,0.0
8542,0.0
8541,0.0
8540,0.0
8536,0.0
8550,0.0
8616,0.0
8571,0.0
8574,0.0
8612,0.0
8611,0.0
8610,0.0
8609,0.0
8607,0.0
8606,0.0
8603,0.0
8601,0.0
8600,0.0
8598,0.0
8573,0.0
8594,0.0
8589,0.0
8587,0.0
8585,0.0
8584,0.0
8583,0.0
8582,0.0
8579,0.0
8578,0.0
8577,0.0
8575,0.0
8590,0.0
8369,0.0
8366,0.0
8362,0.0
8151,0.0
8150,0.0
8149,0.0
8148,0.0
8146,0.0
8145,0.0
8144,0.0
8140,0.0
8138,0.0
8137,0.0
8155,0.0
8136,0.0
8134,0.0
8133,0.0
8132,0.0
8131,0.0
8128,0.0
8127,0.0
8125,0.0
8124,0.0
8123,0.0
8122,0.0
8135,0.0
8121,0.0
8156,0.0
8158,0.0
8195,0.0
8191,0.0
8190,0.0
8188,0.0
8186,0.0
8184,0.0
8183,0.0
8181,0.0
8180,0.0
8178,0.0
8157,0.0
8177,0.0
8174,0.0
8172,0.0
8170,0.0
8169,0.0
8167,0.0
8166,0.0
8165,0.0
8164,0.0
8163,0.0
8159,0.0
8176,0.0
8197,0.0
8119,0.0
8117,0.0
8079,0.0
8078,0.0
8077,0.0
8076,0.0
8074,0.0
8072,0.0
8071,0.0
8068,0.0
8065,0.0
8063,0.0
8080,0.0
8061,0.0
8058,0.0
8057,0.0
8056,0.0
8055,0.0
8054,0.0
8053,0.0
8052,0.0
8051,0.0
8048,0.0
8047,0.0
8060,0.0
8118,0.0
8081,0.0
8083,0.0
8116,0.0
8115,0.0
8114,0.0
8113,0.0
8112,0.0
8111,0.0
8110,0.0
8109,0.0
8107,0.0
8105,0.0
8082,0.0
8104,0.0
8099,0.0
8098,0.0
8096,0.0
8094,0.0
8093,0.0
8090,0.0
8088,0.0
8087,0.0
8086,0.0
8084,0.0
8103,0.0
8198,0.0
8199,0.0
8200,0.0
8321,0.0
8320,0.0
8319,0.0
8318,0.0
8317,0.0
8314,0.0
8313,0.0
8312,0.0
8311,0.0
8310,0.0
8322,0.0
8309,0.0
8307,0.0
8305,0.0
8303,0.0
8302,0.0
8301,0.0
8297,0.0
8296,0.0
8295,0.0
8294,0.0
8293,0.0
8308,0.0
8292,0.0
8323,0.0
8325,0.0
8361,0.0
8359,0.0
8358,0.0
8356,0.0
8355,0.0
8354,0.0
8353,0.0
8352,0.0
8349,0.0
8348,0.0
8324,0.0
8347,0.0
8341,0.0
8340,0.0
8339,0.0
8335,0.0
8333,0.0
8332,0.0
8331,0.0
8330,0.0
8329,0.0
8328,0.0
8346,0.0
8291,0.0
8289,0.0
8288,0.0
8236,0.0
8235,0.0
8234,0.0
8231,0.0
8230,0.0
8228,0.0
8226,0.0
8225,0.0
8223,0.0
8222,0.0
8239,0.0
8221,0.0
8219,0.0
8218,0.0
8213,0.0
8211,0.0
8208,0.0
8207,0.0
8206,0.0
8205,0.0
8204,0.0
8201,0.0
8220,0.0
8240,0.0
8241,0.0
8242,0.0
8287,0.0
8285,0.0
8282,0.0
8279,0.0
8277,0.0
8276,0.0
8274,0.0
8272,0.0
8271,0.0
8270,0.0
8269,0.0
8267,0.0
8263,0.0
8261,0.0
8258,0.0
8256,0.0
8255,0.0
8253,0.0
8252,0.0
8251,0.0
8247,0.0
8244,0.0
8243,0.0
8044,0.0
7389,0.0
7387,0.0
7386,0.0
6515,0.0
6514,0.0
6511,0.0
6507,0.0
6505,0.0
6504,0.0
6502,0.0
6501,0.0
6500,0.0
6499,0.0
6516,0.0
6498,0.0
6495,0.0
6493,0.0
6489,0.0
6488,0.0
6487,0.0
6485,0.0
6484,0.0
6483,0.0
6482,0.0
6481,0.0
6496,0.0
6480,0.0
6517,0.0
6520,0.0
6552,0.0
6551,0.0
6549,0.0
6546,0.0
6545,0.0
6544,0.0
6542,0.0
6540,0.0
6539,0.0
6538,0.0
6518,0.0
6537,0.0
6535,0.0
6534,0.0
6532,0.0
6531,0.0
6530,0.0
6528,0.0
6527,0.0
6526,0.0
6525,0.0
6523,0.0
6536,0.0
6553,0.0
6477,0.0
6475,0.0
6430,0.0
6429,0.0
6428,0.0
6427,0.0
6426,0.0
6423,0.0
6422,0.0
6421,0.0
6420,0.0
6419,0.0
6432,0.0
6418,0.0
6414,0.0
6413,0.0
6412,0.0
6411,0.0
6409,0.0
6408,0.0
6406,0.0
6404,0.0
6402,0.0
6401,0.0
6415,0.0
6476,0.0
6434,0.0
6437,0.0
6474,0.0
6473,0.0
6472,0.0
6471,0.0
6470,0.0
6466,0.0
6465,0.0
6462,0.0
6459,0.0
6458,0.0
6435,0.0
6457,0.0
6454,0.0
6453,0.0
6451,0.0
6450,0.0
6449,0.0
6448,0.0
6447,0.0
6445,0.0
6441,0.0
6440,0.0
6456,0.0
6400,0.0
6555,0.0
6558,0.0
6677,0.0
6675,0.0
6673,0.0
6672,0.0
6671,0.0
6670,0.0
6669,0.0
6668,0.0
6667,0.0
6666,0.0
6678,0.0
6665,0.0
6660,0.0
6659,0.0
6657,0.0
6656,0.0
6655,0.0
6654,0.0
6653,0.0
6651,0.0
6650,0.0
6647,0.0
6663,0.0
6644,0.0
6679,0.0
6682,0.0
6721,0.0
6720,0.0
6717,0.0
6715,0.0
6714,0.0
6713,0.0
6711,0.0
6710,0.0
6708,0.0
6705,0.0
6681,0.0
6703,0.0
6699,0.0
6698,0.0
6697,0.0
6693,0.0
6692,0.0
6691,0.0
6690,0.0
6687,0.0
6684,0.0
6683,0.0
6700,0.0
6557,0.0
6642,0.0
6640,0.0
6591,0.0
6590,0.0
6589,0.0
6587,0.0
6586,0.0
6583,0.0
6581,0.0
6580,0.0
6579,0.0
6578,0.0
6596,0.0
6576,0.0
6573,0.0
6572,0.0
6571,0.0
6569,0.0
6568,0.0
6567,0.0
6566,0.0
6565,0.0
6563,0.0
6561,0.0
6574,0.0
6641,0.0
6597,0.0
6602,0.0
6639,0.0
6637,0.0
6636,0.0
6632,0.0
6631,0.0
6630,0.0
6629,0.0
6627,0.0
6625,0.0
6623,0.0
6601,0.0
6621,0.0
6619,0.0
6618,0.0
6616,0.0
6615,0.0
6613,0.0
6612,0.0
6611,0.0
6606,0.0
6605,0.0
6604,0.0
6620,0.0
6397,0.0
6396,0.0
6392,0.0
6181,0.0
6180,0.0
6179,0.0
6177,0.0
6176,0.0
6174,0.0
6171,0.0
6169,0.0
6168,0.0
6167,0.0
6182,0.0
6166,0.0
6159,0.0
6157,0.0
6156,0.0
6155,0.0
6151,0.0
6150,0.0
6147,0.0
6146,0.0
6145,0.0
6144,0.0
6160,0.0
6143,0.0
6183,0.0
6186,0.0
6229,0.0
6228,0.0
6227,0.0
6225,0.0
6224,0.0
6221,0.0
6220,0.0
6219,0.0
6216,0.0
6215,0.0
6184,0.0
6214,0.0
6211,0.0
6205,0.0
6200,0.0
6199,0.0
6196,0.0
6195,0.0
6193,0.0
6191,0.0
6189,0.0
6188,0.0
6213,0.0
6232,0.0
6140,0.0
6135,0.0
6100,0.0
6099,0.0
6097,0.0
6096,0.0
6095,0.0
6093,0.0
6092,0.0
6090,0.0
6089,0.0
6088,0.0
6101,0.0
6087,0.0
6082,0.0
6081,0.0
6080,0.0
6079,0.0
6078,0.0
6077,0.0
6076,0.0
6075,0.0
6073,0.0
6072,0.0
6084,0.0
6136,0.0
6102,0.0
6104,0.0
6134,0.0
6133,0.0
6132,0.0
6131,0.0
6130,0.0
6129,0.0
6128,0.0
6126,0.0
6125,0.0
6124,0.0
6103,0.0
6123,0.0
6121,0.0
6115,0.0
6114,0.0
6113,0.0
6111,0.0
6109,0.0
6108,0.0
6107,0.0
6106,0.0
6105,0.0
6122,0.0
6233,0.0
6235,0.0
6236,0.0
6349,0.0
6348,0.0
6347,0.0
6346,0.0
6345,0.0
6342,0.0
6341,0.0
6338,0.0
6337,0.0
6336,0.0
6350,0.0
6335,0.0
6333,0.0
6330,0.0
6329,0.0
6328,0.0
6324,0.0
6323,0.0
6321,0.0
6320,0.0
6316,0.0
6315,0.0
6334,0.0
6314,0.0
6351,0.0
6353,0.0
6391,0.0
6390,0.0
6389,0.0
6387,0.0
6385,0.0
6383,0.0
6382,0.0
6381,0.0
6380,0.0
6379,0.0
6352,0.0
6378,0.0
6371,0.0
6369,0.0
6368,0.0
6367,0.0
6365,0.0
6364,0.0
6362,0.0
6357,0.0
6356,0.0
6355,0.0
6377,0.0
6311,0.0
6310,0.0
6309,0.0
6270,0.0
6267,0.0
6266,0.0
6265,0.0
6264,0.0
6261,0.0
6260,0.0
6259,0.0
6257,0.0
6255,0.0
6271,0.0
6250,0.0
6248,0.0
6247,0.0
6246,0.0
6245,0.0
6243,0.0
6242,0.0
6241,0.0
6240,0.0
6238,0.0
6237,0.0
6249,0.0
6272,0.0
6273,0.0
6274,0.0
6308,0.0
6307,0.0
6306,0.0
6305,0.0
6304,0.0
6300,0.0
6298,0.0
6296,0.0
6295,0.0
6293,0.0
6292,0.0
6291,0.0
6290,0.0
6288,0.0
6286,0.0
6285,0.0
6284,0.0
6283,0.0
6280,0.0
6279,0.0
6278,0.0
6277,0.0
6275,0.0
6722,0.0
6723,0.0
6725,0.0
6726,0.0
7179,0.0
7178,0.0
7177,0.0
7176,0.0
7175,0.0
7174,0.0
7173,0.0
7172,0.0
7171,0.0
7170,0.0
7180,0.0
7169,0.0
7163,0.0
7162,0.0
7160,0.0
7159,0.0
7158,0.0
7157,0.0
7156,0.0
7154,0.0
7150,0.0
7149,0.0
7168,0.0
7148,0.0
7181,0.0
7183,0.0
7222,0.0
7220,0.0
7216,0.0
7212,0.0
7211,0.0
7210,0.0
7209,0.0
7208,0.0
7207,0.0
7205,0.0
7182,0.0
7204,0.0
7200,0.0
7197,0.0
7196,0.0
7195,0.0
7194,0.0
7190,0.0
7189,0.0
7188,0.0
7187,0.0
7185,0.0
7203,0.0
7223,0.0
7146,0.0
7144,0.0
7110,0.0
7109,0.0
7106,0.0
7105,0.0
7104,0.0
7103,0.0
7100,0.0
7099,0.0
7097,0.0
7095,0.0
7111,0.0
7093,0.0
7089,0.0
7087,0.0
7086,0.0
7081,0.0
7079,0.0
7078,0.0
7077,0.0
7076,0.0
7075,0.0
7073,0.0
7090,0.0
7145,0.0
7112,0.0
7114,0.0
7143,0.0
7142,0.0
7141,0.0
7140,0.0
7139,0.0
7138,0.0
7136,0.0
7135,0.0
7134,0.0
7133,0.0
7113,0.0
7132,0.0
7129,0.0
7128,0.0
7127,0.0
7125,0.0
7124,0.0
7123,0.0
7122,0.0
7120,0.0
7117,0.0
7115,0.0
7131,0.0
7225,0.0
7226,0.0
7227,0.0
7346,0.0
7345,0.0
7344,0.0
7341,0.0
7340,0.0
7339,0.0
7338,0.0
7337,0.0
7336,0.0
7335,0.0
7347,0.0
7334,0.0
7331,0.0
7330,0.0
7329,0.0
7328,0.0
7327,0.0
7325,0.0
7324,0.0
7323,0.0
7322,0.0
7321,0.0
7333,0.0
7318,0.0
7350,0.0
7352,0.0
7384,0.0
7383,0.0
7381,0.0
7380,0.0
7379,0.0
7377,0.0
7374,0.0
7373,0.0
7372,0.0
7371,0.0
7351,0.0
7370,0.0
7366,0.0
7365,0.0
7363,0.0
7362,0.0
7361,0.0
7360,0.0
7358,0.0
7357,0.0
7356,0.0
7355,0.0
7369,0.0
7317,0.0
7316,0.0
7314,0.0
7263,0.0
7262,0.0
7259,0.0
7255,0.0
7254,0.0
7252,0.0
7250,0.0
7249,0.0
7248,0.0
7244,0.0
7267,0.0
7243,0.0
7240,0.0
7239,0.0
7238,0.0
7237,0.0
7235,0.0
7234,0.0
7233,0.0
7232,0.0
7229,0.0
7228,0.0
7241,0.0
7268,0.0
7272,0.0
7273,0.0
7313,0.0
7312,0.0
7311,0.0
7308,0.0
7307,0.0
7306,0.0
7305,0.0
7303,0.0
7300,0.0
7299,0.0
7297,0.0
7296,0.0
7295,0.0
7292,0.0
7288,0.0
7287,0.0
7286,0.0
7284,0.0
7283,0.0
7279,0.0
7278,0.0
7275,0.0
7274,0.0
7071,0.0
6068,0.0
7070,0.0
7064,0.0
6855,0.0
6854,0.0
6851,0.0
6850,0.0
6849,0.0
6848,0.0
6847,0.0
6845,0.0
6844,0.0
6842,0.0
6856,0.0
6840,0.0
6834,0.0
6832,0.0
6831,0.0
6830,0.0
6829,0.0
6828,0.0
6827,0.0
6826,0.0
6825,0.0
6824,0.0
6837,0.0
6822,0.0
6859,0.0
6863,0.0
6893,0.0
6892,0.0
6891,0.0
6890,0.0
6887,0.0
6885,0.0
6884,0.0
6883,0.0
6881,0.0
6880,0.0
6861,0.0
6879,0.0
6877,0.0
6876,0.0
6875,0.0
6874,0.0
6873,0.0
6872,0.0
6870,0.0
6868,0.0
6867,0.0
6866,0.0
6878,0.0
6894,0.0
6821,0.0
6814,0.0
6774,0.0
6772,0.0
6771,0.0
6769,0.0
6767,0.0
6766,0.0
6765,0.0
6764,0.0
6760,0.0
6759,0.0
6775,0.0
6754,0.0
6750,0.0
6747,0.0
6746,0.0
6745,0.0
6741,0.0
6739,0.0
6738,0.0
6737,0.0
6734,0.0
6728,0.0
6751,0.0
6817,0.0
6776,0.0
6778,0.0
6812,0.0
6811,0.0
6810,0.0
6809,0.0
6808,0.0
6807,0.0
6805,0.0
6804,0.0
6801,0.0
6798,0.0
6777,0.0
6797,0.0
6794,0.0
6792,0.0
6790,0.0
6789,0.0
6788,0.0
6785,0.0
6784,0.0
6781,0.0
6780,0.0
6779,0.0
6795,0.0
6896,0.0
6897,0.0
6899,0.0
7022,0.0
7021,0.0
7020,0.0
7018,0.0
7017,0.0
7016,0.0
7015,0.0
7013,0.0
7011,0.0
7009,0.0
7024,0.0
7008,0.0
7002,0.0
7000,0.0
6999,0.0
6998,0.0
6997,0.0
6996,0.0
6995,0.0
6994,0.0
6993,0.0
6992,0.0
7006,0.0
6991,0.0
7027,0.0
7030,0.0
7063,0.0
7062,0.0
7060,0.0
7058,0.0
7057,0.0
7056,0.0
7054,0.0
7053,0.0
7052,0.0
7050,0.0
7029,0.0
7049,0.0
7045,0.0
7042,0.0
7041,0.0
7040,0.0
7039,0.0
7036,0.0
7034,0.0
7033,0.0
7032,0.0
7031,0.0
7048,0.0
6990,0.0
6988,0.0
6987,0.0
6944,0.0
6943,0.0
6942,0.0
6941,0.0
6940,0.0
6939,0.0
6938,0.0
6935,0.0
6934,0.0
6932,0.0
6946,0.0
6930,0.0
6923,0.0
6918,0.0
6911,0.0
6910,0.0
6906,0.0
6904,0.0
6903,0.0
6902,0.0
6901,0.0
6900,0.0
6929,0.0
6948,0.0
6949,0.0
6950,0.0
6986,0.0
6985,0.0
6984,0.0
6980,0.0
6979,0.0
6977,0.0
6976,0.0
6975,0.0
6973,0.0
6972,0.0
6971,0.0
6969,0.0
6966,0.0
6965,0.0
6964,0.0
6961,0.0
6960,0.0
6959,0.0
6957,0.0
6956,0.0
6954,0.0
6952,0.0
6951,0.0
7069,0.0
3418,0.0
4353,0.0
1711,0.0
2304,0.0
985,0.0
2303,0.0
2302,0.0
986,0.0
987,0.0
2305,0.0
988,0.0
2299,0.0
2298,0.0
993,0.0
2295,0.0
2293,0.0
2292,0.0
990,0.0
982,0.0
981,0.0
980,0.0
2321,0.0
2320,0.0
969,0.0
970,0.0
2317,0.0
973,0.0
2316,0.0
974,0.0
2314,0.0
2313,0.0
2311,0.0
977,0.0
978,0.0
2307,0.0
979,0.0
2291,0.0
967,0.0
2290,0.0
2288,0.0
1012,0.0
1013,0.0
2273,0.0
1014,0.0
2271,0.0
2270,0.0
2274,0.0
1017,0.0
2267,0.0
1020,0.0
2266,0.0
1021,0.0
1022,0.0
1023,0.0
1018,0.0
1011,0.0
1009,0.0
1007,0.0
994,0.0
995,0.0
1000,0.0
2287,0.0
2286,0.0
1001,0.0
1002,0.0
1003,0.0
2283,0.0
1005,0.0
2281,0.0
2280,0.0
2279,0.0
1006,0.0
2278,0.0
2289,0.0
2325,0.0
966,0.0
2327,0.0
2368,0.0
2367,0.0
937,0.0
2365,0.0
938,0.0
939,0.0
2369,0.0
2361,0.0
942,0.0
2359,0.0
945,0.0
946,0.0
947,0.0
948,0.0
941,0.0
934,0.0
2371,0.0
2373,0.0
2384,0.0
2383,0.0
924,0.0
2381,0.0
2380,0.0
927,0.0
929,0.0
2379,0.0
2378,0.0
2377,0.0
931,0.0
2376,0.0
2375,0.0
932,0.0
2374,0.0
949,0.0
950,0.0
951,0.0
952,0.0
2341,0.0
960,0.0
961,0.0
2339,0.0
2338,0.0
2337,0.0
963,0.0
2335,0.0
964,0.0
2333,0.0
2332,0.0
965,0.0
2330,0.0
2329,0.0
2328,0.0
959,0.0
2263,0.0
2342,0.0
2344,0.0
953,0.0
954,0.0
2354,0.0
2353,0.0
955,0.0
2351,0.0
956,0.0
2350,0.0
2349,0.0
957,0.0
2348,0.0
2347,0.0
2346,0.0
958,0.0
2345,0.0
2343,0.0
2385,0.0
1024,0.0
2262,0.0
2195,0.0
2194,0.0
2193,0.0
1111,0.0
2192,0.0
2191,0.0
1110,0.0
2190,0.0
2189,0.0
2188,0.0
1113,0.0
2187,0.0
2186,0.0
2185,0.0
1112,0.0
2198,0.0
2199,0.0
2200,0.0
1091,0.0
1093,0.0
1100,0.0
1101,0.0
1103,0.0
2206,0.0
1105,0.0
2205,0.0
2204,0.0
2203,0.0
2202,0.0
1107,0.0
1108,0.0
1109,0.0
2201,0.0
2184,0.0
1089,0.0
1114,0.0
1116,0.0
2166,0.0
1129,0.0
2164,0.0
1130,0.0
2162,0.0
1131,0.0
2167,0.0
1132,0.0
2161,0.0
1137,0.0
1139,0.0
2160,0.0
1141,0.0
1142,0.0
1134,0.0
2168,0.0
1125,0.0
2169,0.0
2181,0.0
2180,0.0
2179,0.0
2178,0.0
2176,0.0
1117,0.0
1118,0.0
2175,0.0
1119,0.0
1120,0.0
2173,0.0
2171,0.0
2170,0.0
1122,0.0
1124,0.0
2183,0.0
1088,0.0
2209,0.0
2210,0.0
1048,0.0
2250,0.0
2249,0.0
1050,0.0
2247,0.0
2246,0.0
2251,0.0
1051,0.0
1052,0.0
1054,0.0
1056,0.0
2242,0.0
1058,0.0
2241,0.0
2244,0.0
2252,0.0
1047,0.0
1046,0.0
2261,0.0
1027,0.0
2260,0.0
2259,0.0
2258,0.0
2257,0.0
1029,0.0
1031,0.0
1032,0.0
1033,0.0
1034,0.0
1035,0.0
1040,0.0
1045,0.0
2253,0.0
1059,0.0
1060,0.0
1063,0.0
2240,0.0
2223,0.0
2222,0.0
2221,0.0
2220,0.0
2219,0.0
2218,0.0
1081,0.0
2216,0.0
1082,0.0
1083,0.0
1084,0.0
2215,0.0
1086,0.0
1087,0.0
2211,0.0
2224,0.0
1026,0.0
2225,0.0
1080,0.0
2239,0.0
1064,0.0
2237,0.0
2236,0.0
1065,0.0
1067,0.0
1071,0.0
1072,0.0
2233,0.0
2232,0.0
1076,0.0
2230,0.0
1077,0.0
1079,0.0
2227,0.0
2226,0.0
1143,0.0
922,0.0
2388,0.0
770,0.0
2559,0.0
2558,0.0
771,0.0
773,0.0
774,0.0
2560,0.0
775,0.0
778,0.0
2554,0.0
2553,0.0
779,0.0
780,0.0
2550,0.0
776,0.0
2561,0.0
2563,0.0
2564,0.0
761,0.0
2577,0.0
2576,0.0
2575,0.0
2574,0.0
2573,0.0
763,0.0
2571,0.0
766,0.0
2570,0.0
2569,0.0
2568,0.0
769,0.0
2566,0.0
2565,0.0
2549,0.0
759,0.0
2548,0.0
2546,0.0
2530,0.0
796,0.0
2527,0.0
2526,0.0
2525,0.0
2524,0.0
793,0.0
2523,0.0
800,0.0
801,0.0
2520,0.0
802,0.0
2518,0.0
2517,0.0
2522,0.0
792,0.0
791,0.0
2532,0.0
782,0.0
2544,0.0
2543,0.0
784,0.0
785,0.0
786,0.0
787,0.0
2541,0.0
2540,0.0
2539,0.0
2538,0.0
2536,0.0
2535,0.0
789,0.0
2533,0.0
2547,0.0
2580,0.0
2581,0.0
2582,0.0
2624,0.0
721,0.0
2623,0.0
722,0.0
2621,0.0
723,0.0
720,0.0
726,0.0
727,0.0
728,0.0
2617,0.0
2616,0.0
2615,0.0
729,0.0
2620,0.0
717,0.0
716,0.0
2625,0.0
2640,0.0
2638,0.0
2637,0.0
2636,0.0
709,0.0
711,0.0
2634,0.0
2633,0.0
2632,0.0
713,0.0
2630,0.0
2629,0.0
2628,0.0
715,0.0
2626,0.0
730,0.0
2612,0.0
731,0.0
2610,0.0
2592,0.0
2591,0.0
747,0.0
749,0.0
2589,0.0
752,0.0
753,0.0
2587,0.0
2586,0.0
2585,0.0
754,0.0
756,0.0
757,0.0
758,0.0
2583,0.0
2593,0.0
2515,0.0
745,0.0
2594,0.0
732,0.0
2608,0.0
2606,0.0
733,0.0
734,0.0
736,0.0
2603,0.0
2602,0.0
2601,0.0
737,0.0
738,0.0
2598,0.0
739,0.0
741,0.0
2595,0.0
744,0.0
2387,0.0
2514,0.0
804,0.0
882,0.0
885,0.0
886,0.0
887,0.0
889,0.0
890,0.0
881,0.0
891,0.0
893,0.0
895,0.0
896,0.0
897,0.0
2423,0.0
2422,0.0
2424,0.0
2427,0.0
2428,0.0
880,0.0
2442,0.0
2441,0.0
874,0.0
2439,0.0
2438,0.0
2436,0.0
2435,0.0
2432,0.0
2431,0.0
2430,0.0
2429,0.0
875,0.0
876,0.0
877,0.0
879,0.0
2421,0.0
2443,0.0
2419,0.0
2417,0.0
906,0.0
907,0.0
908,0.0
2395,0.0
909,0.0
2394,0.0
2398,0.0
2393,0.0
913,0.0
915,0.0
916,0.0
917,0.0
920,0.0
2390,0.0
911,0.0
905,0.0
904,0.0
2401,0.0
898,0.0
2415,0.0
2414,0.0
899,0.0
2411,0.0
2410,0.0
2409,0.0
2408,0.0
900,0.0
901,0.0
2405,0.0
2404,0.0
2403,0.0
903,0.0
2402,0.0
2418,0.0
2444,0.0
2446,0.0
871,0.0
822,0.0
823,0.0
2498,0.0
824,0.0
825,0.0
2497,0.0
821,0.0
2496,0.0
2493,0.0
828,0.0
829,0.0
830,0.0
831,0.0
2489,0.0
2495,0.0
818,0.0
817,0.0
2501,0.0
2511,0.0
2510,0.0
2509,0.0
805,0.0
807,0.0
808,0.0
810,0.0
811,0.0
812,0.0
813,0.0
814,0.0
2504,0.0
2503,0.0
815,0.0
816,0.0
833,0.0
2487,0.0
834,0.0
2486,0.0
2467,0.0
858,0.0
859,0.0
2465,0.0
860,0.0
861,0.0
2462,0.0
862,0.0
2460,0.0
866,0.0
868,0.0
2458,0.0
2453,0.0
870,0.0
2450,0.0
854,0.0
803,0.0
848,0.0
2472,0.0
2485,0.0
2484,0.0
835,0.0
2482,0.0
2481,0.0
837,0.0
838,0.0
839,0.0
2478,0.0
840,0.0
2477,0.0
843,0.0
2475,0.0
846,0.0
2473,0.0
2470,0.0
2641,0.0
1144,0.0
1146,0.0
1818,0.0
1478,0.0
1817,0.0
1479,0.0
1816,0.0
1815,0.0
1820,0.0
1480,0.0
1481,0.0
1812,0.0
1811,0.0
1482,0.0
1485,0.0
1810,0.0
1813,0.0
1477,0.0
1475,0.0
1474,0.0
1458,0.0
1459,0.0
1460,0.0
1833,0.0
1832,0.0
1463,0.0
1829,0.0
1828,0.0
1464,0.0
1465,0.0
1826,0.0
1469,0.0
1824,0.0
1470,0.0
1821,0.0
1487,0.0
1836,0.0
1490,0.0
1492,0.0
1792,0.0
1512,0.0
1790,0.0
1789,0.0
1788,0.0
1787,0.0
1511,0.0
1515,0.0
1785,0.0
1784,0.0
1518,0.0
1520,0.0
1521,0.0
1522,0.0
1786,0.0
1794,0.0
1508,0.0
1507,0.0
1807,0.0
1806,0.0
1805,0.0
1493,0.0
1494,0.0
1495,0.0
1803,0.0
1496,0.0
1801,0.0
1800,0.0
1501,0.0
1504,0.0
1799,0.0
1506,0.0
1797,0.0
1491,0.0
1837,0.0
1457,0.0
1453,0.0
1883,0.0
1882,0.0
1881,0.0
1417,0.0
1879,0.0
1419,0.0
1416,0.0
1878,0.0
1422,0.0
1423,0.0
1424,0.0
1873,0.0
1872,0.0
1425,0.0
1421,0.0
1412,0.0
1406,0.0
1891,0.0
1395,0.0
1904,0.0
1396,0.0
1903,0.0
1901,0.0
1400,0.0
1900,0.0
1403,0.0
1899,0.0
1404,0.0
1895,0.0
1894,0.0
1893,0.0
1405,0.0
1892,0.0
1871,0.0
1426,0.0
1427,0.0
1868,0.0
1849,0.0
1439,0.0
1440,0.0
1441,0.0
1442,0.0
1443,0.0
1844,0.0
1445,0.0
1843,0.0
1446,0.0
1447,0.0
1449,0.0
1450,0.0
1841,0.0
1840,0.0
1438,0.0
1779,0.0
1437,0.0
1851,0.0
1428,0.0
1867,0.0
1864,0.0
1863,0.0
1430,0.0
1431,0.0
1859,0.0
1858,0.0
1857,0.0
1856,0.0
1855,0.0
1854,0.0
1432,0.0
1853,0.0
1852,0.0
1434,0.0
1905,0.0
1523,0.0
1777,0.0
1688,0.0
1687,0.0
1686,0.0
1612,0.0
1684,0.0
1683,0.0
1609,0.0
1681,0.0
1614,0.0
1677,0.0
1676,0.0
1615,0.0
1616,0.0
1674,0.0
1680,0.0
1691,0.0
1692,0.0
1693,0.0
1596,0.0
1705,0.0
1704,0.0
1599,0.0
1703,0.0
1600,0.0
1602,0.0
1700,0.0
1699,0.0
1698,0.0
1697,0.0
1695,0.0
1605,0.0
1606,0.0
1694,0.0
1617,0.0
1595,0.0
1673,0.0
1671,0.0
1653,0.0
1635,0.0
1651,0.0
1650,0.0
1649,0.0
1636,0.0
1654,0.0
1637,0.0
1646,0.0
1638,0.0
1639,0.0
1644,0.0
1643,0.0
1641,0.0
1647,0.0
1633,0.0
1631,0.0
1630,0.0
1619,0.0
1620,0.0
1621,0.0
1622,0.0
1670,0.0
1669,0.0
1668,0.0
1665,0.0
1624,0.0
1663,0.0
1662,0.0
1661,0.0
1625,0.0
1659,0.0
1627,0.0
1672,0.0
1593,0.0
1592,0.0
1591,0.0
1540,0.0
1542,0.0
1757,0.0
1543,0.0
1754,0.0
1753,0.0
1759,0.0
1752,0.0
1748,0.0
1546,0.0
1547,0.0
1550,0.0
1745,0.0
1744,0.0
1750,0.0
1761,0.0
1537,0.0
1536,0.0
1524,0.0
1525,0.0
1774,0.0
1773,0.0
1772,0.0
1771,0.0
1769,0.0
1528,0.0
1529,0.0
1530,0.0
1532,0.0
1766,0.0
1535,0.0
1763,0.0
1762,0.0
1551,0.0
1743,0.0
1741,0.0
1553,0.0
1574,0.0
1575,0.0
1722,0.0
1576,0.0
1578,0.0
1580,0.0
1582,0.0
1583,0.0
1715,0.0
1713,0.0
1585,0.0
3416,0.0
1586,0.0
1588,0.0
1589,0.0
1571,0.0
1778,0.0
1570,0.0
1726,0.0
1554,0.0
1739,0.0
1555,0.0
1737,0.0
1736,0.0
1556,0.0
1557,0.0
1560,0.0
1732,0.0
1563,0.0
1731,0.0
1565,0.0
1566,0.0
1728,0.0
1727,0.0
1568,0.0
2156,0.0
1394,0.0
1393,0.0
1219,0.0
1220,0.0
1223,0.0
2071,0.0
1224,0.0
2069,0.0
2073,0.0
1225,0.0
2066,0.0
2065,0.0
1227,0.0
1228,0.0
2064,0.0
2063,0.0
1226,0.0
1218,0.0
2075,0.0
2076,0.0
2089,0.0
1205,0.0
1206,0.0
1207,0.0
2088,0.0
2085,0.0
1209,0.0
2084,0.0
2083,0.0
1212,0.0
1216,0.0
2081,0.0
2079,0.0
1217,0.0
2077,0.0
2062,0.0
2090,0.0
2060,0.0
2058,0.0
1247,0.0
1248,0.0
1249,0.0
2040,0.0
1250,0.0
1252,0.0
1246,0.0
1254,0.0
1256,0.0
1258,0.0
1259,0.0
1261,0.0
1262,0.0
2035,0.0
1255,0.0
1245,0.0
2041,0.0
2042,0.0
2057,0.0
1230,0.0
2055,0.0
1231,0.0
1232,0.0
1235,0.0
2052,0.0
2051,0.0
1238,0.0
2048,0.0
1239,0.0
1241,0.0
2046,0.0
1242,0.0
2044,0.0
2059,0.0
1204,0.0
1203,0.0
1202,0.0
2139,0.0
1164,0.0
1165,0.0
1167,0.0
1168,0.0
1169,0.0
1161,0.0
1170,0.0
2133,0.0
2132,0.0
1172,0.0
2130,0.0
1177,0.0
1178,0.0
2134,0.0
1160,0.0
1158,0.0
1155,0.0
2155,0.0
2154,0.0
2153,0.0
1147,0.0
1148,0.0
2151,0.0
2150,0.0
1150,0.0
1151,0.0
1152,0.0
2149,0.0
2148,0.0
2146,0.0
2145,0.0
2144,0.0
2128,0.0
1179,0.0
1182,0.0
1183,0.0
2106,0.0
2104,0.0
2103,0.0
1194,0.0
2102,0.0
1195,0.0
2100,0.0
1197,0.0
1198,0.0
1199,0.0
1200,0.0
2094,0.0
2093,0.0
2092,0.0
1201,0.0
2107,0.0
2034,0.0
2108,0.0
2109,0.0
2125,0.0
2124,0.0
2123,0.0
2122,0.0
2121,0.0
1184,0.0
2119,0.0
2118,0.0
2117,0.0
2116,0.0
2115,0.0
2114,0.0
2113,0.0
1188,0.0
2110,0.0
1192,0.0
1907,0.0
2033,0.0
1264,0.0
1328,0.0
1329,0.0
1330,0.0
1951,0.0
1331,0.0
1334,0.0
1325,0.0
1337,0.0
1340,0.0
1946,0.0
1343,0.0
1344,0.0
1345,0.0
1346,0.0
1339,0.0
1955,0.0
1324,0.0
1323,0.0
1311,0.0
1966,0.0
1965,0.0
1964,0.0
1312,0.0
1963,0.0
1313,0.0
1317,0.0
1961,0.0
1960,0.0
1959,0.0
1958,0.0
1957,0.0
1318,0.0
1321,0.0
1348,0.0
1310,0.0
1942,0.0
1350,0.0
1920,0.0
1374,0.0
1919,0.0
1377,0.0
1379,0.0
1918,0.0
1372,0.0
1917,0.0
1915,0.0
1386,0.0
1388,0.0
1910,0.0
1391,0.0
1392,0.0
1382,0.0
1921,0.0
1370,0.0
1369,0.0
1352,0.0
1353,0.0
1354,0.0
1355,0.0
1357,0.0
1934,0.0
1932,0.0
1931,0.0
1360,0.0
1929,0.0
1928,0.0
1362,0.0
1363,0.0
1366,0.0
1924,0.0
1349,0.0
1309,0.0
1970,0.0
1308,0.0
2015,0.0
2014,0.0
1279,0.0
2011,0.0
2010,0.0
1280,0.0
1276,0.0
1282,0.0
2008,0.0
2007,0.0
2006,0.0
2005,0.0
1283,0.0
2004,0.0
2009,0.0
1275,0.0
2016,0.0
1274,0.0
2030,0.0
2028,0.0
2026,0.0
1266,0.0
2024,0.0
1267,0.0
2023,0.0
2022,0.0
1269,0.0
2021,0.0
2020,0.0
1270,0.0
1272,0.0
2018,0.0
1273,0.0
2003,0.0
2002,0.0
2001,0.0
2000,0.0
1983,0.0
1982,0.0
1981,0.0
1299,0.0
1301,0.0
1979,0.0
1978,0.0
1977,0.0
1976,0.0
1974,0.0
1973,0.0
1303,0.0
1306,0.0
1971,0.0
1307,0.0
1984,0.0
2032,0.0
1985,0.0
1295,0.0
1998,0.0
1997,0.0
1286,0.0
1287,0.0
1995,0.0
1994,0.0
1288,0.0
1289,0.0
1290,0.0
1991,0.0
1291,0.0
1292,0.0
1989,0.0
1988,0.0
1293,0.0
1986,0.0
2642,0.0
788,0.0
2644,0.0
258,0.0
260,0.0
3081,0.0
3080,0.0
263,0.0
3078,0.0
3082,0.0
3077,0.0
265,0.0
266,0.0
267,0.0
268,0.0
3075,0.0
269,0.0
3076,0.0
270,0.0
3083,0.0
3085,0.0
245,0.0
247,0.0
3096,0.0
3095,0.0
3094,0.0
3093,0.0
3084,0.0
249,0.0
250,0.0
253,0.0
254,0.0
3089,0.0
255,0.0
257,0.0
3092,0.0
244,0.0
271,0.0
274,0.0
3053,0.0
3052,0.0
286,0.0
3050,0.0
3049,0.0
287,0.0
3054,0.0
289,0.0
3046,0.0
291,0.0
292,0.0
3045,0.0
293,0.0
294,0.0
3047,0.0
272,0.0
3055,0.0
284,0.0
3070,0.0
278,0.0
279,0.0
3067,0.0
282,0.0
3065,0.0
3056,0.0
3064,0.0
3062,0.0
3061,0.0
3060,0.0
3059,0.0
3058,0.0
283,0.0
3063,0.0
240,0.0
239,0.0
238,0.0
209,0.0
3145,0.0
3144,0.0
3143,0.0
210,0.0
211,0.0
3146,0.0
212,0.0
215,0.0
217,0.0
218,0.0
219,0.0
3141,0.0
3139,0.0
214,0.0
3138,0.0
208,0.0
3148,0.0
3160,0.0
199,0.0
201,0.0
3157,0.0
202,0.0
3156,0.0
206,0.0
3155,0.0
3154,0.0
3153,0.0
3152,0.0
204,0.0
3149,0.0
205,0.0
203,0.0
3137,0.0
3136,0.0
220,0.0
228,0.0
231,0.0
233,0.0
234,0.0
235,0.0
3108,0.0
3113,0.0
3106,0.0
3104,0.0
3103,0.0
3102,0.0
3101,0.0
3100,0.0
3099,0.0
3105,0.0
227,0.0
3116,0.0
3117,0.0
221,0.0
3133,0.0
3132,0.0
223,0.0
3130,0.0
3128,0.0
3127,0.0
3125,0.0
3124,0.0
225,0.0
3122,0.0
3121,0.0
226,0.0
3119,0.0
3118,0.0
296,0.0
3043,0.0
3042,0.0
3041,0.0
375,0.0
377,0.0
2979,0.0
2978,0.0
2977,0.0
2976,0.0
374,0.0
2975,0.0
380,0.0
383,0.0
2973,0.0
2972,0.0
2971,0.0
384,0.0
378,0.0
388,0.0
373,0.0
371,0.0
355,0.0
357,0.0
2987,0.0
360,0.0
361,0.0
2986,0.0
372,0.0
363,0.0
2984,0.0
364,0.0
365,0.0
2982,0.0
2981,0.0
370,0.0
2985,0.0
2970,0.0
2969,0.0
389,0.0
404,0.0
2951,0.0
2950,0.0
2949,0.0
405,0.0
2948,0.0
403,0.0
2947,0.0
409,0.0
2946,0.0
410,0.0
411,0.0
2944,0.0
412,0.0
408,0.0
402,0.0
400,0.0
2954,0.0
2968,0.0
2967,0.0
2966,0.0
390,0.0
391,0.0
392,0.0
394,0.0
395,0.0
2960,0.0
2959,0.0
396,0.0
2958,0.0
397,0.0
398,0.0
399,0.0
354,0.0
198,0.0
353,0.0
351,0.0
315,0.0
316,0.0
3031,0.0
3030,0.0
317,0.0
318,0.0
314,0.0
320,0.0
3027,0.0
3026,0.0
3025,0.0
321,0.0
3024,0.0
2643,0.0
3028,0.0
3022,0.0
313,0.0
311,0.0
3040,0.0
3039,0.0
300,0.0
301,0.0
3038,0.0
302,0.0
312,0.0
303,0.0
306,0.0
307,0.0
3037,0.0
308,0.0
3036,0.0
310,0.0
305,0.0
327,0.0
330,0.0
3020,0.0
342,0.0
344,0.0
345,0.0
3001,0.0
346,0.0
3000,0.0
340,0.0
2998,0.0
2995,0.0
2994,0.0
349,0.0
2993,0.0
2992,0.0
350,0.0
2996,0.0
339,0.0
3005,0.0
3006,0.0
3019,0.0
3018,0.0
3017,0.0
3016,0.0
331,0.0
3015,0.0
3014,0.0
332,0.0
334,0.0
3011,0.0
337,0.0
3010,0.0
3009,0.0
3008,0.0
3007,0.0
2989,0.0
197,0.0
196,0.0
3164,0.0
3336,0.0
3333,0.0
58,0.0
3331,0.0
3330,0.0
59,0.0
3337,0.0
61,0.0
64,0.0
3327,0.0
65,0.0
3326,0.0
3325,0.0
3324,0.0
62,0.0
71,0.0
55,0.0
53,0.0
3351,0.0
3350,0.0
3349,0.0
47,0.0
3348,0.0
3347,0.0
3340,0.0
3346,0.0
50,0.0
3344,0.0
3343,0.0
3342,0.0
3341,0.0
52,0.0
48,0.0
72,0.0
74,0.0
3322,0.0
89,0.0
91,0.0
3307,0.0
92,0.0
3305,0.0
3304,0.0
3310,0.0
3303,0.0
93,0.0
3299,0.0
96,0.0
3298,0.0
97,0.0
3296,0.0
3301,0.0
87,0.0
3311,0.0
3312,0.0
75,0.0
76,0.0
3321,0.0
77,0.0
3320,0.0
3319,0.0
79,0.0
81,0.0
3316,0.0
3315,0.0
82,0.0
3314,0.0
83,0.0
84,0.0
86,0.0
45,0.0
99,0.0
3352,0.0
3353,0.0
3399,0.0
3398,0.0
3396,0.0
3395,0.0
3394,0.0
3393,0.0
3400,0.0
3392,0.0
3389,0.0
3388,0.0
3387,0.0
3386,0.0
16,0.0
3384,0.0
3390,0.0
3383,0.0
15,0.0
10,0.0
3415,0.0
5,0.0
3413,0.0
3411,0.0
3410,0.0
3409,0.0
3402,0.0
3408,0.0
3407,0.0
8,0.0
9,0.0
3406,0.0
3405,0.0
3404,0.0
6,0.0
3382,0.0
3381,0.0
18,0.0
35,0.0
3364,0.0
3363,0.0
36,0.0
3361,0.0
37,0.0
3365,0.0
39,0.0
3360,0.0
3358,0.0
3357,0.0
41,0.0
3356,0.0
43,0.0
40,0.0
34,0.0
3367,0.0
3368,0.0
19,0.0
21,0.0
22,0.0
23,0.0
24,0.0
25,0.0
3374,0.0
26,0.0
27,0.0
3373,0.0
3372,0.0
28,0.0
29,0.0
3370,0.0
31,0.0
44,0.0
413,0.0
3295,0.0
101,0.0
168,0.0
3212,0.0
3211,0.0
169,0.0
3210,0.0
3209,0.0
3213,0.0
3208,0.0
171,0.0
3203,0.0
3202,0.0
3201,0.0
3199,0.0
3198,0.0
170,0.0
172,0.0
167,0.0
3215,0.0
3228,0.0
3227,0.0
157,0.0
3225,0.0
158,0.0
3223,0.0
166,0.0
3222,0.0
3220,0.0
3219,0.0
160,0.0
3217,0.0
163,0.0
165,0.0
3221,0.0
3195,0.0
3192,0.0
3191,0.0
189,0.0
194,0.0
3176,0.0
3175,0.0
3174,0.0
3173,0.0
3179,0.0
195,0.0
3170,0.0
3169,0.0
3168,0.0
3167,0.0
3166,0.0
3165,0.0
3171,0.0
188,0.0
3181,0.0
3182,0.0
175,0.0
3190,0.0
176,0.0
3189,0.0
177,0.0
178,0.0
179,0.0
3188,0.0
3187,0.0
180,0.0
3185,0.0
182,0.0
185,0.0
186,0.0
187,0.0
3229,0.0
100,0.0
3232,0.0
3234,0.0
3276,0.0
3275,0.0
3273,0.0
3272,0.0
3271,0.0
118,0.0
114,0.0
3269,0.0
3267,0.0
122,0.0
123,0.0
3266,0.0
3265,0.0
124,0.0
121,0.0
3264,0.0
3278,0.0
3280,0.0
3292,0.0
3291,0.0
102,0.0
106,0.0
3290,0.0
107,0.0
3279,0.0
3288,0.0
3287,0.0
3286,0.0
3285,0.0
3283,0.0
3282,0.0
3281,0.0
109,0.0
125,0.0
127,0.0
3263,0.0
142,0.0
144,0.0
145,0.0
3243,0.0
3242,0.0
146,0.0
3246,0.0
3240,0.0
3239,0.0
150,0.0
151,0.0
3237,0.0
3236,0.0
152,0.0
148,0.0
3248,0.0
3249,0.0
3250,0.0
3262,0.0
129,0.0
130,0.0
3260,0.0
132,0.0
133,0.0
134,0.0
135,0.0
3258,0.0
137,0.0
3257,0.0
3256,0.0
3253,0.0
138,0.0
141,0.0
3233,0.0
414,0.0
1642,0.0
2943,0.0
555,0.0
2801,0.0
2802,0.0
2675,0.0
554,0.0
553,0.0
2805,0.0
2806,0.0
551,0.0
2808,0.0
2810,0.0
2811,0.0
556,0.0
550,0.0
2813,0.0
549,0.0
548,0.0
547,0.0
2816,0.0
546,0.0
2817,0.0
544,0.0
2818,0.0
543,0.0
2820,0.0
2674,0.0
2812,0.0
557,0.0
2676,0.0
558,0.0
2777,0.0
2681,0.0
2680,0.0
585,0.0
580,0.0
579,0.0
578,0.0
2783,0.0
2678,0.0
576,0.0
2784,0.0
2785,0.0
2786,0.0
684,0.0
574,0.0
2788,0.0
573,0.0
2677,0.0
2790,0.0
571,0.0
570,0.0
567,0.0
565,0.0
562,0.0
560,0.0
2794,0.0
559,0.0
541,0.0
2822,0.0
539,0.0
538,0.0
516,0.0
2670,0.0
515,0.0
2842,0.0
2843,0.0
2669,0.0
513,0.0
2844,0.0
2845,0.0
2846,0.0
512,0.0
2668,0.0
2667,0.0
2666,0.0
2848,0.0
2849,0.0
2850,0.0
2665,0.0
2664,0.0
508,0.0
507,0.0
504,0.0
502,0.0
501,0.0
2853,0.0
2854,0.0
500,0.0
517,0.0
2776,0.0
518,0.0
519,0.0
2823,0.0
2824,0.0
685,0.0
2825,0.0
537,0.0
535,0.0
532,0.0
2826,0.0
531,0.0
530,0.0
528,0.0
686,0.0
527,0.0
2830,0.0
2831,0.0
526,0.0
2832,0.0
2833,0.0
2834,0.0
525,0.0
2671,0.0
524,0.0
523,0.0
687,0.0
2837,0.0
522,0.0
2838,0.0
2840,0.0
588,0.0
589,0.0
683,0.0
649,0.0
2717,0.0
2718,0.0
648,0.0
675,0.0
647,0.0
2721,0.0
2722,0.0
2723,0.0
2724,0.0
676,0.0
2725,0.0
2726,0.0
2727,0.0
646,0.0
645,0.0
2729,0.0
2692,0.0
644,0.0
2730,0.0
643,0.0
2731,0.0
641,0.0
638,0.0
2733,0.0
637,0.0
633,0.0
650,0.0
632,0.0
2716,0.0
652,0.0
2698,0.0
669,0.0
668,0.0
667,0.0
2699,0.0
2700,0.0
665,0.0
664,0.0
663,0.0
2701,0.0
2702,0.0
2696,0.0
662,0.0
661,0.0
673,0.0
660,0.0
657,0.0
2706,0.0
2707,0.0
674,0.0
656,0.0
654,0.0
2710,0.0
2711,0.0
653,0.0
2714,0.0
2694,0.0
651,0.0
499,0.0
630,0.0
2736,0.0
2686,0.0
679,0.0
610,0.0
609,0.0
2760,0.0
608,0.0
605,0.0
603,0.0
2684,0.0
681,0.0
602,0.0
601,0.0
2683,0.0
2766,0.0
600,0.0
598,0.0
597,0.0
596,0.0
682,0.0
2767,0.0
594,0.0
2769,0.0
593,0.0
592,0.0
591,0.0
2772,0.0
590,0.0
2756,0.0
629,0.0
2755,0.0
617,0.0
2737,0.0
2738,0.0
2691,0.0
2740,0.0
2741,0.0
2742,0.0
2743,0.0
2690,0.0
2744,0.0
2745,0.0
627,0.0
626,0.0
625,0.0
2747,0.0
624,0.0
2689,0.0
2749,0.0
623,0.0
622,0.0
2688,0.0
621,0.0
620,0.0
619,0.0
678,0.0
2753,0.0
618,0.0
2754,0.0
616,0.0
688,0.0
2819,0.0
2893,0.0
2891,0.0
462,0.0
2655,0.0
2856,0.0
460,0.0
2654,0.0
459,0.0
2895,0.0
2896,0.0
2897,0.0
2898,0.0
693,0.0
2899,0.0
458,0.0
2900,0.0
457,0.0
2902,0.0
456,0.0
455,0.0
695,0.0
454,0.0
2904,0.0
449,0.0
2890,0.0
2906,0.0
691,0.0
2889,0.0
2875,0.0
2876,0.0
471,0.0
2660,0.0
2659,0.0
2658,0.0
2877,0.0
2657,0.0
470,0.0
468,0.0
467,0.0
2878,0.0
2879,0.0
2880,0.0
466,0.0
465,0.0
464,0.0
2883,0.0
2884,0.0
2885,0.0
2886,0.0
2887,0.0
2888,0.0
463,0.0
2661,0.0
447,0.0
698,0.0
706,0.0
426,0.0
2929,0.0
424,0.0
2931,0.0
423,0.0
422,0.0
421,0.0
708,0.0
2933,0.0
419,0.0
2934,0.0
418,0.0
2935,0.0
2936,0.0
416,0.0
415,0.0
2938,0.0
2939,0.0
2940,0.0
2645,0.0
2941,0.0
2942,0.0
2928,0.0
2908,0.0
2927,0.0
704,0.0
2909,0.0
2911,0.0
2912,0.0
446,0.0
445,0.0
444,0.0
2914,0.0
699,0.0
702,0.0
442,0.0
2916,0.0
438,0.0
2918,0.0
2919,0.0
436,0.0
2921,0.0
432,0.0
430,0.0
2922,0.0
2923,0.0
2925,0.0
429,0.0
2926,0.0
427,0.0
2874,0.0
671,0.0
2859,0.0
487,0.0
472,0.0
489,0.0
477,0.0
2870,0.0
2869,0.0
478,0.0
2868,0.0
2862,0.0
474,0.0
491,0.0
492,0.0
481,0.0
482,0.0
494,0.0
2867,0.0
2858,0.0
689,0.0
476,0.0
2871,0.0
2865,0.0
493,0.0
473,0.0
2873,0.0
2864,0.0
690,0.0
3247,1.0
4872,1.0
599,1.0
8304,1.0
8451,1.0
3676,1.0
1880,1.0
8460,1.0
2762,1.0
3359,1.0
1866,1.0
5842,1.0
359,1.0
5026,1.0
4874,1.0
3377,1.0
692,1.0
4235,1.0
2679,1.0
7585,1.0
2780,1.0
246,1.0
6577,1.0
7960,1.0
3737,1.0
2386,1.0
7801,1.0
3204,1.0
836,1.0
6562,1.0
1912,1.0
6192,1.0
6548,1.0
2476,1.0
2600,1.0
6786,1.0
1397,1.0
4466,1.0
2841,1.0
4439,1.0
8439,1.0
8427,1.0
1436,1.0
3259,1.0
1850,1.0
2852,1.0
7051,1.0
8266,1.0
7497,1.0
8555,1.0
3576,1.0
2095,1.0
5261,1.0
4161,1.0
4759,1.0
3318,1.0
7699,1.0
51,1.0
1534,1.0
2704,1.0
7251,1.0
5225,1.0
6858,1.0
764,1.0
7521,1.0
56,1.0
5235,1.0
2697,1.0
8548,1.0
6374,1.0
3597,1.0
4513,1.0
1193,1.0
3657,1.0
746,1.0
1452,1.0
4077,1.0
7155,1.0
511,1.0
6815,1.0
6444,1.0
5309,1.0
8283,1.0
5859,1.0
7466,1.0
117,1.0
8281,1.0
1471,1.0
3274,1.0
435,1.0
3620,1.0
2974,1.0
110,1.0
382,1.0
7723,1.0
2101,1.0
510,1.0
5378,1.0
3701,1.0
7577,1.0
1956,1.0
3799,1.0
5393,1.0
3126,1.0
3844,1.0
1159,1.0
5426,1.0
6674,1.0
6094,1.0
7977,1.0
3131,1.0
236,1.0
3379,1.0
4960,1.0
5416,1.0
2308,1.0
563,1.0
2609,1.0
1610,1.0
5682,1.0
1950,1.0
2433,1.0
2449,1.0
1696,1.0
7364,1.0
1658,1.0
1972,1.0
5383,1.0
7298,1.0
1975,1.0
5119,1.0
4381,1.0
1156,1.0
5398,1.0
7214,1.0
3033,1.0
4013,1.0
4999,1.0
3765,1.0
1889,2.0
5457,2.0
6226,2.0
4942,2.0
5921,2.0
4609,2.0
1802,2.0
7417,2.0
7860,2.0
256,2.0
1162,2.0
6524,2.0
798,2.0
4292,2.0
3824,2.0
1847,2.0
4317,2.0
5035,2.0
8126,2.0
4202,2.0
615,2.0
5673,2.0
4843,2.0
295,2.0
366,2.0
7005,2.0
7954,2.0
3815,2.0
935,2.0
7903,2.0
1408,2.0
120,2.0
4457,2.0
8023,2.0
2177,2.0
7655,2.0
3471,2.0
7260,2.0
1284,2.0
8608,2.0
1548,2.0
7219,2.0
6595,2.0
4692,2.0
4,2.0
6626,2.0
1558,2.0
4567,2.0
4408,2.0
3051,2.0
6570,2.0
2019,2.0
3457,2.0
4363,2.0
6363,2.0
4934,2.0
2322,2.0
4325,2.0
2851,2.0
2964,2.0
3658,2.0
6303,2.0
7201,2.0
8423,2.0
1356,2.0
2072,2.0
1902,2.0
425,2.0
1552,2.0
3114,2.0
3854,3.0
2248,3.0
54,3.0
3334,3.0
7853,3.0
4148,3.0
2228,3.0
1765,3.0
1996,3.0
2693,3.0
509,3.0
2924,3.0
781,3.0
3425,3.0
6718,3.0
940,3.0
4545,3.0
3412,3.0
2319,3.0
628,3.0
8210,3.0
8557,3.0
4785,3.0
2080,3.0
5984,3.0
659,3.0
5074,3.0
6375,3.0
5573,3.0
362,3.0
1055,3.0
6142,3.0
8473,3.0
4882,3.0
2480,3.0
3397,3.0
2758,3.0
6175,3.0
6755,3.0
5145,3.0
6635,3.0
1656,3.0
7403,3.0
851,3.0
5027,3.0
1604,3.0
8488,3.0
3493,3.0
2763,3.0
4915,3.0
7349,3.0
5371,3.0
5756,3.0
5812,3.0
8415,3.0
5738,3.0
1657,4.0
2797,4.0
1085,4.0
6791,4.0
4176,4.0
1149,4.0
5155,4.0
281,4.0
8259,4.0
5435,4.0
4293,4.0
533,4.0
8617,4.0
762,4.0
4683,4.0
6194,4.0
7674,4.0
1263,4.0
3890,4.0
8626,4.0
2534,4.0
5053,4.0
5708,4.0
847,4.0
3401,4.0
5466,4.0
4709,4.0
3147,4.0
7662,4.0
2158,4.0
6173,4.0
826,4.0
6263,4.0
7427,4.0
434,4.0
552,4.0
488,4.0
3086,4.0
440,4.0
326,4.0
5683,4.0
1297,4.0
2420,4.0
6149,4.0
4065,4.0
1429,4.0
6685,4.0
6014,5.0
4682,5.0
3675,5.0
3244,5.0
5661,5.0
2324,5.0
2713,5.0
1384,5.0
5421,5.0
8192,5.0
6594,5.0
417,5.0
8425,5.0
2748,5.0
1454,5.0
1342,5.0
6217,5.0
2448,5.0
6127,5.0
4745,5.0
1538,5.0
1559,5.0
1302,5.0
2238,5.0
7407,5.0
2049,5.0
5639,5.0
6399,5.0
6162,5.0
6154,5.0
3489,5.0
4993,5.0
1877,5.0
670,5.0
2991,5.0
2172,5.0
1140,5.0
1869,5.0
6704,5.0
3747,5.0
1190,5.0
498,5.0
3668,5.0
587,5.0
2140,5.0
4090,5.0
6982,5.0
1967,5.0
5103,5.0
3302,5.0
2829,5.0
4463,6.0
7348,6.0
1234,6.0
575,6.0
4909,6.0
5739,6.0
2159,6.0
2067,6.0
5482,6.0
5287,6.0
6395,6.0
4284,6.0
5515,6.0
7310,6.0
3960,6.0
1897,6.0
6370,6.0
237,6.0
8350,6.0
5609,6.0
1015,6.0
4492,6.0
8474,6.0
3817,6.0
3034,6.0
1381,6.0
7059,6.0
486,6.0
902,6.0
5428,6.0
6981,6.0
1862,6.0
4675,7.0
14,7.0
1153,7.0
2412,7.0
8453,7.0
173,7.0
8342,7.0
6599,7.0
8233,7.0
8203,7.0
1257,7.0
7764,7.0
8486,7.0
5577,7.0
971,7.0
229,7.0
3158,7.0
6974,7.0
8182,7.0
1497,7.0
2013,7.0
2997,7.0
7994,7.0
1115,7.0
367,7.0
1822,7.0
1097,7.0
4141,7.0
4068,7.0
3798,8.0
5782,8.0
7647,8.0
4362,8.0
6614,8.0
3183,8.0
6707,8.0
4601,8.0
8336,8.0
5044,8.0
1358,8.0
1410,8.0
6254,8.0
3922,8.0
7617,8.0
712,8.0
1526,8.0
3564,8.0
6366,8.0
1127,8.0
7101,8.0
7448,8.0
2597,8.0
6914,8.0
8202,8.0
5492,8.0
3071,8.0
4584,8.0
3029,8.0
1611,8.0
5013,9.0
968,9.0
7879,9.0
1185,9.0
3069,9.0
4331,9.0
2256,9.0
8035,9.0
7359,9.0
7712,9.0
4851,9.0
1714,9.0
2687,9.0
6461,9.0
1898,9.0
5829,9.0
5718,9.0
5717,9.0
5827,9.0
1768,9.0
3520,9.0
2803,9.0
7850,9.0
213,9.0
5622,9.0
4082,10.0
2516,10.0
7184,10.0
6955,10.0
1145,10.0
767,10.0
6931,10.0
7968,10.0
8559,10.0
4600,10.0
5453,10.0
7388,10.0
4995,10.0
2389,10.0
4113,10.0
5770,10.0
2765,10.0
5521,10.0
5286,10.0
6251,10.0
7425,10.0
7929,10.0
5868,11.0
742,11.0
3783,11.0
8012,11.0
6645,11.0
2562,11.0
1678,11.0
2557,11.0
2294,11.0
7119,11.0
3607,11.0
2163,11.0
4276,11.0
7765,11.0
5524,11.0
156,11.0
6313,11.0
69,12.0
514,12.0
6796,12.0
8646,12.0
806,12.0
8581,12.0
6322,12.0
8108,12.0
6732,12.0
8692,12.0
1954,12.0
3678,12.0
5999,12.0
2631,12.0
2528,12.0
1679,12.0
2366,12.0
2521,12.0
2578,12.0
3814,12.0
4711,12.0
4561,12.0
3238,13.0
6312,13.0
108,13.0
1327,13.0
4250,13.0
878,13.0
5232,13.0
3969,13.0
259,13.0
7595,13.0
7896,13.0
1923,13.0
5496,13.0
4296,13.0
1214,13.0
2029,13.0
1221,13.0
5626,13.0
7653,13.0
4845,13.0
3345,14.0
1675,14.0
7505,14.0
6112,14.0
5144,14.0
8461,14.0
5240,14.0
3750,14.0
6543,14.0
5589,14.0
6706,14.0
8403,14.0
677,15.0
8299,15.0
3163,15.0
655,15.0
6268,15.0
8614,15.0
6359,15.0
7446,15.0
1770,15.0
7455,15.0
3677,15.0
8645,15.0
4812,15.0
6141,15.0
7320,15.0
6468,15.0
2732,16.0
1581,16.0
505,16.0
6773,16.0
4285,16.0
5646,16.0
1090,16.0
6716,16.0
7898,16.0
6294,16.0
3593,16.0
3886,16.0
1484,16.0
4179,16.0
1733,16.0
2905,16.0
1939,16.0
5341,16.0
4336,16.0
2306,17.0
78,17.0
95,17.0
7761,17.0
6503,17.0
1838,17.0
5875,17.0
1057,17.0
8480,17.0
7921,17.0
8257,17.0
6967,17.0
4201,17.0
5722,17.0
3554,18.0
7717,18.0
8420,18.0
6491,18.0
4340,18.0
6282,18.0
7989,18.0
5072,18.0
6302,18.0
3998,18.0
8539,18.0
1845,18.0
740,18.0
6533,18.0
5653,18.0
8421,19.0
6841,19.0
1211,19.0
1712,19.0
5234,19.0
5265,19.0
1906,19.0
1720,19.0
842,19.0
2703,19.0
6394,19.0
4897,19.0
612,19.0
520,19.0
1316,19.0
7614,20.0
428,20.0
5218,20.0
3261,20.0
8500,20.0
3003,20.0
5759,20.0
3829,20.0
3683,20.0
2656,20.0
8448,21.0
5491,21.0
4566,21.0
6361,21.0
2500,21.0
4885,21.0
8511,21.0
2881,21.0
325,21.0
5772,21.0
5851,21.0
7354,21.0
8343,21.0
1911,22.0
3986,22.0
6802,22.0
8194,22.0
1514,22.0
4352,22.0
3965,22.0
2778,22.0
865,22.0
2025,22.0
6373,22.0
6405,23.0
5943,23.0
2685,23.0
6800,23.0
1709,23.0
7618,23.0
1908,23.0
7939,23.0
6852,23.0
6857,23.0
4443,23.0
1969,23.0
8657,23.0
3851,23.0
2882,23.0
3659,23.0
2174,23.0
5307,23.0
5956,24.0
63,24.0
4244,24.0
7439,24.0
5866,24.0
6758,24.0
1618,24.0
5499,24.0
13,24.0
119,25.0
6398,25.0
496,25.0
7191,25.0
6510,25.0
6643,25.0
5561,25.0
1545,25.0
6209,25.0
1738,25.0
7636,25.0
863,25.0
57,25.0
7564,25.0
7495,26.0
3079,26.0
4167,26.0
3309,26.0
827,26.0
790,26.0
5390,26.0
5040,26.0
1399,26.0
1260,26.0
1655,26.0
1870,26.0
4350,26.0
4053,27.0
5212,27.0
4359,27.0
8275,27.0
794,27.0
8446,27.0
1435,27.0
4614,27.0
6761,27.0
8005,27.0
4208,28.0
1174,28.0
6819,28.0
3150,28.0
1999,28.0
844,28.0
5744,29.0
7976,29.0
7382,29.0
2782,29.0
3335,29.0
7540,29.0
3197,29.0
1775,29.0
7721,29.0
6689,30.0
1068,30.0
5952,30.0
3881,30.0
7265,30.0
3339,30.0
1702,30.0
4529,30.0
5306,30.0
7447,31.0
8085,31.0
4117,31.0
6203,31.0
819,31.0
1628,31.0
4943,31.0
2860,31.0
8455,32.0
4668,32.0
7703,32.0
6953,32.0
1336,32.0
4187,32.0
7215,32.0
2474,32.0
7890,33.0
5567,33.0
2208,33.0
6494,33.0
3982,33.0
4002,33.0
4557,34.0
7012,34.0
8686,34.0
6752,34.0
850,34.0
85,34.0
2147,34.0
6222,35.0
4030,35.0
5778,35.0
936,35.0
4277,35.0
431,35.0
3821,35.0
2836,36.0
3903,36.0
1503,36.0
8280,36.0
7569,36.0
7167,37.0
8237,37.0
5832,37.0
2980,37.0
5975,37.0
3251,37.0
5367,37.0
666,38.0
4371,38.0
7596,39.0
4661,39.0
2382,39.0
5006,39.0
3439,39.0
4137,39.0
635,39.0
976,39.0
6163,39.0
2213,40.0
5787,40.0
1875,40.0
6436,40.0
4512,40.0
2269,40.0
6588,40.0
6694,40.0
7482,40.0
3720,40.0
4875,40.0
6770,40.0
5296,40.0
6119,41.0
5538,41.0
6634,41.0
3828,41.0
3697,41.0
6729,41.0
4767,41.0
2358,41.0
8351,41.0
8238,42.0
1519,42.0
6753,42.0
1667,42.0
3893,42.0
4507,42.0
3761,42.0
1208,43.0
6202,43.0
3967,43.0
5209,43.0
2360,43.0
8432,43.0
4862,44.0
1782,44.0
1,44.0
1123,44.0
6541,44.0
1590,44.0
2804,44.0
4546,44.0
4261,44.0
1516,44.0
5678,45.0
7934,45.0
5344,45.0
6763,45.0
5909,45.0
8389,46.0
1319,46.0
7831,46.0
7815,46.0
8154,46.0
5161,46.0
1608,47.0
1367,47.0
1181,47.0
8306,47.0
7074,47.0
3777,47.0
6376,48.0
8537,48.0
5719,48.0
4213,49.0
2,49.0
3638,49.0
7780,49.0
7913,49.0
4958,50.0
8227,50.0
3091,50.0
3066,50.0
7023,50.0
6262,50.0
6835,50.0
8516,51.0
2604,51.0
1760,52.0
6756,52.0
6438,52.0
832,52.0
67,52.0
7107,52.0
8580,52.0
7264,52.0
1708,52.0
4830,52.0
4961,53.0
1237,53.0
8641,53.0
4475,53.0
4850,53.0
3810,53.0
6289,53.0
672,54.0
3552,54.0
3375,54.0
3636,54.0
2275,54.0
7118,54.0
1509,55.0
126,55.0
3313,55.0
452,55.0
1418,55.0
1300,55.0
2649,55.0
3755,55.0
3517,56.0
7639,56.0
401,56.0
7085,56.0
4480,56.0
5271,57.0
6085,57.0
8264,57.0
1351,57.0
1706,57.0
4959,57.0
381,57.0
6508,57.0
7630,57.0
6234,58.0
707,58.0
3825,58.0
328,58.0
3107,59.0
4069,59.0
6522,59.0
4962,60.0
1004,60.0
4552,60.0
1320,60.0
8338,60.0
6871,60.0
376,60.0
8217,61.0
8100,61.0
1941,61.0
7166,61.0
140,61.0
1126,61.0
1075,61.0
4835,61.0
4521,62.0
4014,62.0
2141,62.0
3371,62.0
6197,62.0
8437,62.0
4404,62.0
2416,62.0
4067,63.0
2542,63.0
5004,63.0
2043,63.0
8139,64.0
2795,64.0
46,64.0
3419,64.0
3956,64.0
1579,64.0
7246,64.0
5487,65.0
6768,66.0
2920,66.0
6882,66.0
8214,67.0
1099,67.0
1092,67.0
1061,67.0
4219,67.0
2451,67.0
5055,67.0
719,67.0
1244,67.0
8027,68.0
8357,68.0
8395,68.0
2031,68.0
1601,68.0
2469,68.0
2054,68.0
5558,69.0
2276,69.0
7725,69.0
2047,70.0
8597,70.0
8147,70.0
6372,71.0
5216,71.0
3467,71.0
6909,71.0
2988,71.0
4154,71.0
1385,72.0
2070,72.0
1271,72.0
2835,72.0
2061,72.0
5867,72.0
480,73.0
5754,73.0
5596,73.0
420,73.0
5870,74.0
116,74.0
8688,74.0
2793,74.0
2392,74.0
4482,74.0
1827,74.0
8633,74.0
7794,75.0
6455,75.0
6838,75.0
136,76.0
4300,76.0
2045,76.0
5199,77.0
2990,77.0
2362,77.0
4060,77.0
8193,77.0
7202,77.0
4312,77.0
7218,77.0
3921,77.0
3214,77.0
5248,78.0
1296,78.0
6733,78.0
4660,79.0
5603,79.0
4834,79.0
7731,79.0
521,79.0
3983,79.0
216,79.0
6223,80.0
5818,80.0
3254,80.0
3551,80.0
864,81.0
2673,81.0
6120,82.0
3932,82.0
7967,82.0
6138,83.0
2789,83.0
5237,83.0
6787,84.0
6592,84.0
2165,84.0
7582,84.0
2759,84.0
3618,84.0
1742,85.0
3004,85.0
7436,85.0
7304,85.0
5036,85.0
7787,85.0
2097,85.0
4189,85.0
4556,86.0
1572,86.0
7047,86.0
7762,86.0
2491,86.0
1305,86.0
7206,86.0
5740,86.0
90,87.0
6709,87.0
322,88.0
5493,88.0
8602,88.0
8187,89.0
7501,89.0
1243,89.0
4158,89.0
8049,89.0
4140,89.0
4289,89.0
6648,90.0
1795,90.0
5940,90.0
7055,90.0
4797,90.0
930,91.0
7431,91.0
5908,91.0
94,91.0
3995,91.0
7628,92.0
820,92.0
241,92.0
159,92.0
8344,93.0
3216,93.0
8215,93.0
7126,93.0
2277,94.0
7867,95.0
3609,96.0
4910,96.0
992,96.0
923,96.0
2214,96.0
7037,97.0
4527,98.0
164,98.0
1533,98.0
1049,98.0
2091,99.0
972,99.0
1947,99.0
2406,99.0
8196,99.0
5513,100.0
1039,100.0
1043,100.0
6860,100.0
8050,100.0
4120,100.0
4200,100.0
4725,101.0
277,101.0
3994,101.0
3090,102.0
5987,102.0
4669,103.0
5143,103.0
6585,103.0
5563,104.0
7385,104.0
6582,104.0
6403,104.0
2012,105.0
1689,105.0
1173,105.0
3981,106.0
2555,107.0
5164,107.0
3526,108.0
2212,108.0
6564,108.0
5138,108.0
586,109.0
8467,109.0
6091,109.0
6743,109.0
5368,109.0
4094,110.0
7558,110.0
7198,112.0
3841,112.0
323,112.0
1375,112.0
8334,113.0
1121,113.0
568,113.0
12,113.0
8528,115.0
6452,115.0
7452,115.0
8106,116.0
3196,116.0
6839,117.0
1814,117.0
8245,117.0
4744,118.0
5010,118.0
7088,119.0
3436,119.0
3184,119.0
155,119.0
7922,119.0
4802,119.0
1510,119.0
4368,120.0
4064,120.0
7102,120.0
4948,120.0
2096,121.0
5365,121.0
475,122.0
5062,122.0
184,122.0
1332,122.0
2619,122.0
1734,123.0
7003,124.0
6332,124.0
7480,124.0
7750,124.0
6492,124.0
5169,124.0
11,124.0
5885,125.0
8599,125.0
4175,125.0
6865,126.0
5576,126.0
8618,126.0
4310,127.0
49,127.0
352,128.0
8364,128.0
2413,128.0
8162,128.0
8298,129.0
6889,130.0
1036,130.0
7626,130.0
8363,130.0
4358,131.0
7291,131.0
98,131.0
1157,132.0
2545,132.0
3057,132.0
1749,133.0
3896,133.0
6937,135.0
925,135.0
933,135.0
143,135.0
6118,136.0
7394,136.0
6407,137.0
5207,137.0
147,137.0
3035,138.0
1865,138.0
5379,139.0
3297,139.0
7094,140.0
4597,140.0
348,140.0
5689,141.0
5351,141.0
1187,142.0
3097,142.0
4193,142.0
2715,143.0
4883,143.0
7591,143.0
1294,144.0
3823,144.0
2965,144.0
5305,144.0
8591,145.0
5198,145.0
3999,146.0
192,146.0
5964,147.0
4947,148.0
921,149.0
1922,149.0
998,149.0
5835,150.0
1285,150.0
3032,150.0
8142,151.0
718,151.0
1322,152.0
1414,153.0
2078,154.0
2596,155.0
4083,155.0
3801,155.0
485,156.0
5325,156.0
1874,157.0
3746,158.0
6172,158.0
3021,159.0
7028,159.0
5933,159.0
4163,160.0
1835,160.0
5025,160.0
1513,161.0
783,161.0
8568,161.0
6027,161.0
8059,161.0
7368,162.0
1483,162.0
7261,163.0
6464,163.0
1935,163.0
8538,163.0
343,164.0
5342,164.0
795,166.0
7001,168.0
4981,168.0
2157,168.0
8229,168.0
4765,168.0
6033,169.0
439,170.0
3706,170.0
6318,170.0
6695,170.0
4469,171.0
5571,171.0
6816,171.0
3752,172.0
1861,173.0
1196,173.0
5935,173.0
8327,173.0
7727,173.0
153,175.0
6190,175.0
5671,175.0
7004,175.0
7899,176.0
1992,176.0
4569,176.0
7376,177.0
5966,177.0
1567,178.0
8179,178.0
3231,178.0
4323,179.0
4677,179.0
8254,180.0
1690,180.0
3431,180.0
8492,181.0
6905,181.0
6719,182.0
6297,182.0
3918,182.0
5076,183.0
6744,184.0
1990,185.0
6021,185.0
2197,185.0
6970,186.0
3919,186.0
724,187.0
6912,187.0
883,188.0
2866,188.0
8667,188.0
8224,188.0
6730,189.0
2764,190.0
4736,191.0
1365,191.0
3792,192.0
6509,192.0
5238,192.0
3,193.0
5397,193.0
1729,194.0
2397,195.0
3947,196.0
2956,196.0
1500,196.0
6962,197.0
3997,197.0
8526,197.0
8596,197.0
2068,198.0
1860,198.0
4635,199.0
5422,199.0
5399,199.0
7654,200.0
1138,200.0
884,201.0
3110,201.0
297,202.0
6463,204.0
8260,205.0
3134,205.0
128,207.0
5243,208.0
3827,208.0
2265,208.0
962,209.0
3601,209.0
6358,211.0
3277,212.0
4801,213.0
975,213.0
7257,213.0
4710,213.0
658,213.0
7289,214.0
6559,214.0
3642,214.0
7309,214.0
5855,214.0
5757,216.0
4940,217.0
2440,218.0
5470,218.0
6253,218.0
7940,219.0
4324,220.0
369,223.0
7130,223.0
1175,223.0
7398,224.0
3560,224.0
7230,224.0
387,225.0
3098,226.0
3068,226.0
6661,226.0
7665,227.0
7985,228.0
4038,228.0
1163,229.0
4318,229.0
6680,229.0
3218,229.0
4081,230.0
333,230.0
161,232.0
4043,233.0
7271,234.0
5612,235.0
1135,235.0
1467,235.0
8064,236.0
3566,236.0
2488,236.0
3482,237.0
2323,238.0
6301,239.0
6928,239.0
6748,239.0
4497,240.0
7851,240.0
280,241.0
5709,243.0
3013,243.0
1632,243.0
453,246.0
1793,247.0
5599,247.0
2037,247.0
7823,248.0
7708,248.0
1398,248.0
4078,249.0
7719,249.0
2039,251.0
3569,252.0
4704,253.0
1660,253.0
5386,254.0
1717,254.0
2399,254.0
2839,254.0
3869,255.0
1597,256.0
6467,256.0
1222,256.0
7632,257.0
2138,258.0
867,260.0
1831,260.0
5484,260.0
2720,261.0
4727,261.0
5540,262.0
264,262.0
7192,262.0
1707,263.0
1587,264.0
4214,264.0
2607,266.0
2962,266.0
4157,267.0
1980,267.0
4842,270.0
7916,270.0
5927,272.0
5412,273.0
7818,274.0
2285,275.0
448,275.0
8290,275.0
2827,276.0
3837,276.0
2135,277.0
2036,281.0
7332,281.0
7520,281.0
1448,282.0
5666,283.0
2814,283.0
8445,283.0
2053,283.0
7553,284.0
1808,284.0
1896,287.0
7784,287.0
6070,288.0
5556,289.0
853,289.0
6152,290.0
3865,290.0
7816,293.0
4062,293.0
8042,293.0
3996,293.0
1719,295.0
3490,297.0
4857,298.0
441,299.0
3044,299.0
2779,300.0
4462,302.0
3984,303.0
4726,304.0
5330,305.0
3581,305.0
4952,307.0
4174,307.0
1652,308.0
4248,308.0
5731,308.0
5784,309.0
8495,309.0
7326,309.0
7066,311.0
3048,311.0
2800,312.0
2894,312.0
8459,312.0
4390,312.0
5067,314.0
3980,315.0
2750,316.0
3515,317.0
1747,318.0
6550,318.0
7869,319.0
606,319.0
222,319.0
912,319.0
7043,320.0
6048,320.0
3524,321.0
4471,321.0
5061,321.0
6417,322.0
5641,323.0
3088,323.0
5008,323.0
2370,324.0
4708,326.0
1927,327.0
30,328.0
6724,328.0
1433,329.0
3977,329.0
6026,329.0
8683,329.0
4774,330.0
8687,330.0
1390,330.0
4086,331.0
8576,332.0
3178,333.0
4558,333.0
252,333.0
8095,334.0
3961,334.0
3882,334.0
7293,335.0
7530,335.0
2932,336.0
1251,336.0
4365,336.0
7956,337.0
2682,337.0
6638,337.0
4072,337.0
8595,337.0
6360,338.0
3323,340.0
4992,340.0
1499,341.0
1527,341.0
3235,341.0
2983,341.0
1517,341.0
5251,342.0
750,342.0
1940,343.0
3376,344.0
7224,344.0
3470,346.0
7199,347.0
8248,347.0
680,349.0
8360,349.0
2355,349.0
3546,350.0
5297,350.0
1314,351.0
497,352.0
696,354.0
6799,355.0
1171,356.0
2945,356.0
4985,356.0
5382,356.0
4550,358.0
3725,359.0
607,359.0
888,359.0
4098,360.0
8558,360.0
4128,361.0
1539,362.0
4107,363.0
3931,363.0
2297,364.0
8447,364.0
6388,364.0
1028,365.0
7474,366.0
4414,366.0
3499,368.0
347,368.0
1304,368.0
6686,369.0
6864,370.0
7483,371.0
2272,372.0
6560,372.0
4484,373.0
3186,373.0
6823,373.0
4406,374.0
5565,375.0
8284,375.0
991,376.0
3294,376.0
1420,376.0
8265,377.0
6888,378.0
2129,378.0
7494,381.0
5408,383.0
604,383.0
5360,383.0
2861,384.0
5657,384.0
3651,384.0
7579,386.0
3978,387.0
7280,387.0
191,387.0
5455,387.0
1809,388.0
2735,388.0
6836,388.0
595,388.0
3385,388.0
8478,390.0
6735,391.0
5433,393.0
8315,394.0
7067,394.0
4127,394.0
5687,395.0
5711,396.0
7035,397.0
6004,397.0
4877,397.0
1948,397.0
2953,398.0
6519,398.0
7010,400.0
6425,401.0
38,401.0
3074,401.0
5173,402.0
4145,402.0
7571,402.0
640,403.0
8129,404.0
112,404.0
4831,404.0
4369,405.0
3378,408.0
2791,409.0
5064,411.0
8365,416.0
324,417.0
5600,417.0
3475,418.0
2318,418.0
6843,419.0
6607,420.0
3573,421.0
3715,421.0
3760,421.0
6252,421.0
6908,423.0
1926,423.0
7092,423.0
1489,424.0
8593,426.0
809,427.0
1598,427.0
1716,427.0
3964,427.0
433,428.0
3572,428.0
5191,428.0
6460,431.0
6074,432.0
4954,433.0
4849,434.0
5181,435.0
4884,436.0
3306,436.0
3541,437.0
2821,437.0
777,438.0
8669,438.0
7716,440.0
6442,440.0
3938,441.0
8017,442.0
1710,443.0
181,443.0
6813,444.0
6820,444.0
105,445.0
5793,445.0
4104,445.0
3688,446.0
4160,448.0
1937,448.0
3975,449.0
849,450.0
4526,451.0
4103,452.0
8462,452.0
4442,453.0
32,453.0
3417,455.0
1008,455.0
5007,459.0
60,460.0
5873,461.0
1094,461.0
7421,461.0
2207,462.0
131,462.0
7729,463.0
3270,465.0
4587,466.0
3206,466.0
743,467.0
6083,468.0
6676,468.0
2957,469.0
5991,469.0
2635,470.0
6207,470.0
8185,471.0
7689,472.0
8262,473.0
1848,473.0
6921,473.0
6317,475.0
2112,475.0
5912,477.0
2396,478.0
919,478.0
3177,478.0
3608,479.0
3645,480.0
461,481.0
8605,482.0
639,482.0
4577,483.0
3023,483.0
7845,484.0
7065,484.0
6736,485.0
3557,486.0
4938,486.0
6945,486.0
4956,487.0
7266,487.0
3115,488.0
8130,488.0
1030,488.0
5630,489.0
4332,489.0
5707,489.0
2229,490.0
3224,490.0
869,491.0
710,493.0
2599,493.0
4059,498.0
6258,498.0
6782,498.0
2310,500.0
7236,500.0
4846,501.0
4583,502.0
4441,502.0
5222,503.0
1389,504.0
3590,505.0
1944,506.0
70,506.0
2336,506.0
1952,509.0
2739,510.0
2519,510.0
5946,510.0
5363,510.0
8454,511.0
6178,512.0
4539,512.0
5898,512.0
1106,512.0
80,513.0
2815,513.0
1229,514.0
2650,514.0
1038,515.0
7754,515.0
4286,516.0
2761,516.0
7683,517.0
701,517.0
7573,517.0
5569,517.0
5353,518.0
7269,518.0
7936,518.0
4699,518.0
5016,519.0
4788,521.0
1725,521.0
1444,521.0
8438,522.0
1462,523.0
4302,524.0
5761,525.0
5743,527.0
2773,528.0
2513,530.0
5137,531.0
7667,532.0
6165,533.0
3472,533.0
2437,533.0
7584,534.0
1573,536.0
5936,537.0
8066,537.0
1281,539.0
6386,539.0
5924,540.0
3884,542.0
3639,542.0
2734,543.0
6968,544.0
6521,545.0
6740,546.0
3362,547.0
7007,548.0
3317,548.0
4279,549.0
1953,549.0
2590,551.0
7535,551.0
299,552.0
4011,553.0
1456,553.0
7258,553.0
2529,554.0
8428,555.0
4254,555.0
7942,555.0
1949,556.0
4322,556.0
2857,556.0
2705,556.0
6139,557.0
3207,558.0
6924,558.0
7046,560.0
700,561.0
7907,562.0
6098,564.0
7091,565.0
7080,565.0
3289,566.0
1180,567.0
6584,567.0
149,567.0
2136,568.0
8212,570.0
2074,570.0
5105,571.0
7532,571.0
319,572.0
2712,574.0
174,575.0
614,575.0
8373,575.0
4458,581.0
8152,582.0
2356,582.0
4449,583.0
5431,583.0
1215,584.0
4063,584.0
5602,585.0
5700,587.0
3255,587.0
7715,587.0
4468,588.0
7586,588.0
1682,591.0
2502,591.0
8004,591.0
3898,592.0
5779,593.0
697,594.0
7378,594.0
5415,594.0
5280,594.0
3161,595.0
5095,595.0
6696,595.0
7996,597.0
3925,598.0
6446,599.0
8020,600.0
5187,601.0
1629,603.0
2775,603.0
6925,605.0
3112,605.0
2264,606.0
139,607.0
3252,607.0
7186,608.0
4345,610.0
4766,611.0
7832,612.0
1834,613.0
7548,614.0
451,615.0
7838,616.0
5370,618.0
7878,619.0
7217,619.0
2315,619.0
7342,620.0
2309,621.0
7282,621.0
4136,622.0
3648,622.0
1603,622.0
1240,623.0
4476,623.0
2391,624.0
8034,624.0
7044,625.0
8089,625.0
6617,628.0
5919,629.0
5762,629.0
6064,629.0
6433,630.0
5669,631.0
6818,632.0
8572,632.0
8173,633.0
4252,633.0
845,634.0
6936,634.0
3142,636.0
2757,636.0
17,637.0
3861,637.0
88,637.0
1685,638.0
6239,638.0
7771,639.0
7847,640.0
1626,640.0
6231,640.0
5765,642.0
8524,642.0
1916,642.0
5396,642.0
7607,642.0
5377,643.0
2284,644.0
7152,645.0
760,645.0
4867,647.0
7824,647.0
1368,649.0
1936,650.0
5929,653.0
1104,653.0
2105,654.0
7786,654.0
4050,654.0
7315,655.0
5874,657.0
8161,658.0
3491,658.0
7151,659.0
7600,659.0
3826,659.0
1364,659.0
8232,661.0
3514,661.0
5989,661.0
1166,661.0
7547,663.0
1735,663.0
450,665.0
3934,667.0
6609,667.0
2494,669.0
1888,671.0
2611,671.0
1236,671.0
6276,672.0
6443,672.0
7367,673.0
2217,673.0
4346,674.0
7773,676.0
6598,676.0
2471,677.0
996,677.0
20,679.0
5907,680.0
5132,681.0
2708,681.0
7147,683.0
5786,683.0
8070,686.0
1095,687.0
2425,687.0
8658,687.0
997,689.0
4607,691.0
5633,692.0
2556,692.0
7796,693.0
2452,693.0
4133,693.0
1096,694.0
2505,695.0
336,697.0
2588,697.0
6424,698.0
1387,698.0
2863,700.0
4547,700.0
1402,701.0
5208,701.0
4815,701.0
4939,702.0
1776,702.0
3538,703.0
5134,704.0
5331,704.0
1796,704.0
918,704.0
5372,705.0
183,705.0
1411,706.0
2774,706.0
2709,707.0
8175,707.0
2490,708.0
7623,712.0
1413,713.0
1488,714.0
407,715.0
5279,715.0
3293,715.0
5468,716.0
1825,717.0
6898,718.0
1564,718.0
1044,719.0
1876,719.0
5085,720.0
6658,722.0
634,722.0
1277,723.0
66,726.0
8586,727.0
8141,728.0
7302,729.0
1938,729.0
2255,729.0
6783,731.0
1780,731.0
2605,731.0
2787,732.0
2400,733.0
7891,733.0
5080,734.0
6886,736.0
6762,738.0
190,739.0
6554,739.0
642,740.0
7285,741.0
8378,741.0
6439,742.0
6198,744.0
7700,746.0
4251,746.0
581,747.0
7688,748.0
8168,748.0
5548,749.0
469,752.0
4562,753.0
4504,754.0
1042,754.0
1594,754.0
8508,754.0
4762,754.0
5366,754.0
1373,755.0
1062,756.0
6989,756.0
7456,757.0
5703,757.0
6742,757.0
1265,761.0
1846,761.0
103,764.0
6325,764.0
6869,764.0
5409,765.0
1476,766.0
3822,766.0
755,766.0
5613,769.0
1943,769.0
1740,771.0
3087,772.0
6071,772.0
943,773.0
3909,773.0
6490,773.0
2952,773.0
6331,774.0
6018,774.0
4633,776.0
6622,776.0
5052,777.0
6593,777.0
2120,778.0
7570,779.0
6862,779.0
7440,780.0
1037,781.0
2235,781.0
7038,782.0
6958,782.0
1486,783.0
3543,784.0
6208,784.0
4541,785.0
6158,785.0
3522,786.0
6915,787.0
892,788.0
7608,788.0
8009,791.0
944,791.0
8273,792.0
385,792.0
577,793.0
2461,793.0
1025,794.0
4688,794.0
1549,794.0
1634,795.0
6281,796.0
406,799.0
6478,800.0
7026,800.0
3403,800.0
1461,800.0
2672,801.0
5642,801.0
8505,802.0
4271,803.0
243,803.0
2326,803.0
8397,803.0
1887,804.0
5592,805.0
5828,807.0
1648,807.0
3716,808.0
7718,809.0
2662,809.0
2572,810.0
1154,810.0
2768,810.0
8337,810.0
2828,810.0
7343,811.0
4859,811.0
5420,811.0
2483,811.0
5322,812.0
6646,813.0
3991,813.0
6206,815.0
8639,815.0
4955,816.0
1341,820.0
2622,820.0
6038,826.0
1987,826.0
7375,827.0
6067,827.0
5088,827.0
5696,827.0
262,828.0
6513,829.0
4058,830.0
7656,831.0
3883,832.0
1333,832.0
772,833.0
4227,836.0
1472,837.0
5536,839.0
5928,841.0
3876,842.0
3135,843.0
1016,843.0
7084,844.0
7014,845.0
6212,845.0
8091,848.0
8532,854.0
8069,854.0
42,855.0
7972,855.0
7906,859.0
1758,865.0
3556,867.0
5607,867.0
2111,868.0
4018,871.0
2627,871.0
536,872.0
873,872.0
7256,872.0
1804,872.0
910,873.0
5878,875.0
3380,876.0
506,878.0
2082,878.0
3685,880.0
4902,880.0
5300,880.0
7957,880.0
7697,881.0
5805,884.0
6486,890.0
7515,891.0
583,892.0
4719,895.0
6393,896.0
6895,896.0
7650,900.0
1993,900.0
5057,901.0
7559,904.0
7165,904.0
3205,904.0
8316,906.0
309,907.0
1925,907.0
2567,907.0
5410,907.0
1066,908.0
7068,908.0
3632,909.0
5514,909.0
6712,912.0
1371,912.0
2537,914.0
4827,916.0
7774,920.0
6793,920.0
1502,923.0
6005,925.0
7453,927.0
8067,928.0
5679,941.0
3194,943.0
443,943.0
1191,945.0
8396,948.0
5889,950.0
7121,951.0
6926,952.0
4299,954.0
162,956.0
8249,957.0
2099,960.0
6917,962.0
3595,963.0
1359,965.0
8652,971.0
613,972.0
564,973.0
6556,975.0
7353,977.0
2531,985.0
6056,986.0
4095,986.0
356,987.0
5801,988.0
4375,993.0
8153,994.0
8368,995.0
4429,998.0
7514,1005.0
1767,1009.0
5720,1013.0
2855,1014.0
3268,1014.0
5815,1017.0
3120,1022.0
207,1023.0
4294,1023.0
329,1023.0
6148,1030.0
7164,1037.0
2719,1042.0
561,1042.0
841,1043.0
5512,1049.0
2746,1050.0
2459,1051.0
8592,1054.0
8402,1057.0
304,1057.0
341,1059.0
1415,1061.0
3328,1062.0
68,1063.0
232,1063.0
5526,1065.0
872,1070.0
8552,1077.0
5791,1078.0
7247,1080.0
5254,1082.0
4839,1082.0
914,1088.0
7649,1090.0
4435,1094.0
200,1099.0
3525,1103.0
5483,1104.0
1781,1107.0
3503,1113.0
1756,1115.0
8025,1116.0
224,1116.0
1914,1119.0
5392,1120.0
1473,1122.0
7319,1128.0
7937,1132.0
4878,1132.0
1544,1134.0
2340,1135.0
7589,1136.0
2892,1140.0
5858,1141.0
3988,1141.0
1253,1147.0
6947,1147.0
3655,1148.0
3654,1148.0
6853,1150.0
2098,1153.0
5350,1155.0
7242,1156.0
8189,1157.0
3369,1157.0
8638,1164.0
6153,1166.0
705,1166.0
1666,1168.0
2245,1171.0
765,1171.0
5822,1174.0
7193,1175.0
7294,1178.0
8268,1179.0
8143,1179.0
2937,1191.0
2913,1196.0
6047,1200.0
6749,1201.0
2752,1204.0
2579,1209.0
1073,1213.0
2479,1215.0
7414,1216.0
7415,1217.0
1791,1225.0
4663,1225.0
856,1226.0
3926,1226.0
5597,1227.0
2963,1229.0
33,1229.0
4950,1232.0
2196,1239.0
248,1240.0
1613,1241.0
379,1241.0
5318,1244.0
3571,1244.0
5244,1247.0
2038,1254.0
2357,1257.0
2551,1257.0
298,1260.0
7153,1261.0
2301,1264.0
3329,1267.0
4405,1272.0
6340,1279.0
1176,1281.0
7096,1282.0
7969,1288.0
1607,1290.0
4249,1290.0
5527,1292.0
2651,1295.0
5376,1297.0
799,1300.0
4005,1300.0
1070,1304.0
8619,1317.0
2426,1318.0
6600,1318.0
5291,1320.0
8418,1320.0
285,1330.0
1664,1333.0
2463,1334.0
5675,1335.0
7253,1339.0
7445,1340.0
926,1341.0
1962,1344.0
2613,1345.0
2447,1348.0
1823,1357.0
735,1359.0
7108,1360.0
4565,1362.0
6161,1363.0
7522,1367.0
2770,1370.0
8062,1370.0
273,1370.0
4741,1371.0
999,1374.0
4659,1376.0
7499,1377.0
1730,1381.0
4076,1384.0
8075,1384.0
1133,1388.0
2312,1391.0
7137,1392.0
2506,1393.0
6210,1393.0
5674,1393.0
5159,1403.0
852,1406.0
5547,1407.0
7213,1413.0
4833,1415.0
6416,1417.0
2352,1425.0
6608,1426.0
2492,1435.0
6649,1435.0
928,1436.0
2901,1437.0
2050,1440.0
1577,1442.0
2955,1457.0
6652,1459.0
261,1460.0
1468,1460.0
2363,1462.0
1380,1462.0
2930,1464.0
5115,1466.0
3123,1467.0
5024,1469.0
5292,1478.0
1764,1479.0
2648,1479.0
8022,1482.0
7868,1483.0
7904,1491.0
6319,1495.0
4378,1508.0
4865,1513.0
1798,1514.0
2364,1514.0
2499,1515.0
4646,1539.0
8120,1539.0
6610,1541.0
5923,1543.0
5065,1544.0
8102,1547.0
6244,1548.0
7538,1548.0
6624,1553.0
8504,1556.0
4262,1560.0
5226,1560.0
2243,1561.0
3917,1562.0
7534,1567.0
542,1568.0
1721,1572.0
3788,1577.0
6035,1578.0
1128,1583.0
5914,1596.0
3722,1598.0
4272,1601.0
3338,1609.0
6066,1611.0
2728,1618.0
3355,1622.0
5202,1624.0
2798,1637.0
6326,1638.0
4467,1647.0
4087,1651.0
5714,1652.0
3241,1655.0
4343,1660.0
4506,1666.0
8482,1674.0
5059,1674.0
5698,1674.0
6269,1675.0
3579,1678.0
7597,1678.0
1623,1679.0
2903,1681.0
7221,1686.0
104,1687.0
2751,1689.0
1078,1693.0
368,1699.0
4184,1713.0
5727,1721.0
6116,1724.0
4592,1731.0
7938,1734.0
2512,1751.0
5177,1755.0
3073,1765.0
4084,1768.0
2137,1769.0
7116,1776.0
7025,1778.0
7539,1779.0
1347,1779.0
3468,1779.0
7574,1781.0
2807,1784.0
3492,1788.0
3226,1790.0
7813,1797.0
4351,1804.0
2809,1804.0
5182,1814.0
5519,1818.0
4287,1825.0
4580,1837.0
6978,1845.0
1315,1853.0
4500,1866.0
4896,1889.0
2507,1895.0
495,1902.0
5485,1903.0
1335,1916.0
193,1918.0
6529,1919.0
2653,1919.0
1102,1920.0
4301,1924.0
1074,1933.0
8160,1935.0
3012,1937.0
6469,1949.0
1723,1955.0
4509,1955.0
4445,1960.0
1930,1963.0
5876,1963.0
8097,1964.0
6922,1967.0
4949,1968.0
8092,1972.0
3159,1984.0
5381,1984.0
8371,1989.0
8562,2002.0
566,2005.0
8278,2020.0
2508,2024.0
6907,2027.0
3072,2031.0
6354,2035.0
5856,2047.0
3002,2049.0
5656,2050.0
242,2054.0
3308,2054.0
6204,2056.0
5566,2056.0
7991,2060.0
8517,2064.0
7814,2065.0
4080,2071.0
4407,2084.0
8470,2090.0
3428,2102.0
5357,2105.0
5439,2109.0
154,2111.0
1455,2114.0
8026,2123.0
5724,2137.0
4186,2141.0
7290,2141.0
2466,2153.0
7563,2161.0
4448,2167.0
338,2175.0
6662,2177.0
3809,2181.0
5108,2187.0
4645,2193.0
4604,2203.0
5953,2203.0
6846,2220.0
6170,2236.0
8623,2252.0
3332,2260.0
4164,2260.0
3644,2264.0
2407,2272.0
7833,2273.0
4099,2275.0
7933,2285.0
1842,2293.0
5560,2300.0
7492,2302.0
4426,2311.0
1189,2313.0
8246,2322.0
6727,2325.0
3613,2325.0
4074,2330.0
7567,2336.0
7748,2346.0
4198,2355.0
7854,2367.0
3754,2368.0
1401,2372.0
479,2376.0
4232,2376.0
5808,2383.0
4747,2406.0
2917,2409.0
5636,2428.0
1498,2439.0
2254,2447.0
857,2453.0
276,2469.0
6963,2470.0
2647,2473.0
7672,2478.0
1376,2485.0
8391,2491.0
1233,2519.0
7555,2553.0
2464,2564.0
694,2566.0
6933,2577.0
7428,2577.0
1098,2587.0
2552,2618.0
4446,2630.0
5242,2659.0
7886,2684.0
5278,2711.0
1933,2713.0
6757,2714.0
5219,2740.0
2268,2757.0
7554,2764.0
3807,2790.0
4278,2799.0
4215,2825.0
3414,2891.0
6731,2905.0
4144,2908.0
6086,2919.0
2152,2924.0
4024,2936.0
6913,2960.0
1268,2969.0
4143,2983.0
6218,3014.0
7664,3027.0
2614,3030.0
3753,3039.0
6410,3047.0
2646,3051.0
3245,3069.0
7806,3098.0
6664,3128.0
386,3139.0
1213,3146.0
8613,3147.0
6833,3155.0
1746,3156.0
6017,3167.0
7552,3173.0
5699,3186.0
2961,3219.0
5774,3230.0
8691,3235.0
4171,3263.0
4695,3283.0
3193,3291.0
5945,3303.0
1338,3358.0
7281,3372.0
2796,3372.0
1839,3377.0
5424,3379.0
1378,3384.0
1383,3404.0
2695,3447.0
3111,3460.0
1326,3471.0
5005,3491.0
751,3497.0
2799,3510.0
4786,3541.0
5906,3554.0
7601,3557.0
3908,3597.0
1298,3604.0
2300,3643.0
393,3656.0
2618,3657.0
8326,3675.0
4418,3687.0
529,3695.0
5356,3726.0
7450,3730.0
2143,3768.0
5557,3780.0
2182,3782.0
6506,3798.0
1830,3822.0
5490,3831.0
7625,3854.0
3430,3874.0
3180,3875.0
4571,3880.0
7958,3884.0
7797,3902.0
3968,3932.0
2126,3970.0
5648,3999.0
1466,4030.0
6919,4041.0
1701,4045.0
8045,4051.0
6187,4056.0
6201,4085.0
6230,4088.0
5160,4090.0
2231,4120.0
4716,4160.0
2663,4168.0
3763,4174.0
3574,4184.0
4281,4195.0
2915,4240.0
3509,4269.0
6803,4304.0
4496,4334.0
2781,4359.0
4787,4360.0
3920,4376.0
4714,4411.0
8101,4435.0
2331,4513.0
8567,4521.0
1968,4538.0
4185,4560.0
6110,4666.0
6497,4674.0
1913,4724.0
5559,4757.0
5293,4817.0
4887,4828.0
5215,4898.0
4303,4899.0
7072,4914.0
2771,4941.0
4096,4967.0
7277,4973.0
503,4987.0
1186,4987.0
7400,5034.0
8487,5057.0
2652,5058.0
1783,5063.0
4004,5116.0
4758,5147.0
797,5152.0
275,5166.0
3682,5190.0
4313,5308.0
1562,5321.0
4275,5353.0
4009,5361.0
1886,5416.0
5990,5477.0
6299,5496.0
6633,5499.0
6164,5531.0
5260,5543.0
5031,5558.0
3484,5563.0
5460,5615.0
5763,5648.0
358,5688.0
636,5689.0
8604,5804.0
8621,5839.0
2334,5872.0
7098,5913.0
1945,6007.0
2847,6023.0
7270,6027.0
1645,6064.0
7973,6102.0
3109,6111.0
4451,6178.0
7785,6201.0
2792,6237.0
8300,6262.0
7917,6329.0
1136,6381.0
3230,6569.0
490,6595.0
4388,6803.0
113,6898.0
8008,6901.0
5998,6985.0
2468,7041.0
4326,7087.0
5252,7121.0
4724,7218.0
4379,7303.0
7161,7401.0
5214,7461.0
5375,7492.0
1041,7516.0
1890,7619.0
7231,7621.0
4037,7629.0
5118,7730.0
8588,7819.0
4775,7865.0
7910,7953.0
2872,7979.0
5194,8040.0
6806,8169.0
7684,8182.0
335,8188.0
2142,8195.0
5294,8221.0
3465,8735.0
1053,9010.0
7576,9033.0
7276,9065.0
4742,9129.0
3505,9244.0
582,9568.0
73,9654.0
7948,9811.0
5954,9837.0
7995,10028.0
5000,10074.0
3796,10173.0
5258,10206.0
5857,10270.0
3653,10786.0
6049,10888.0
983,10896.0
230,10912.0
5131,11213.0
8367,11325.0
1451,11378.0
2127,11643.0
8392,11741.0
5117,12061.0
7978,12143.0
4941,12323.0
8442,12392.0
7082,12424.0
4319,12682.0
8171,12685.0
4551,12708.0
3916,14485.0
3366,16337.0
6547,17074.0
725,17306.0
4311,20336.0
5619,24133.0
7,
111,
115,
251,
288,
290,
437,
483,
484,
534,
540,
545,
569,
572,
584,
611,
631,
703,
714,
748,
768,
855,
894,
984,
989,
1010,
1019,
1069,
1210,
1278,
1361,
1407,
1409,
1505,
1531,
1541,
1561,
1569,
1584,
1640,
1718,
1724,
1751,
1755,
1819,
1884,
1885,
1909,
2017,
2027,
2056,
2086,
2087,
2131,
2234,
2282,
2296,
2372,
2434,
2445,
2454,
2455,
2456,
2457,
2584,
2639,
2907,
2910,
2999,
3129,
3140,
3151,
3162,
3172,
3200,
3284,
3300,
3354,
3391,
3494,
3519,
3544,
3549,
3553,
3559,
3592,
3596,
3692,
3694,
3748,
3766,
3785,
3812,
3850,
3953,
4169,
4177,
4197,
4224,
4233,
4273,
4356,
4403,
4425,
4444,
4498,
4555,
4595,
4652,
4655,
4664,
4670,
4678,
4764,
4890,
4953,
4986,
4996,
5034,
5123,
5140,
5165,
5175,
5196,
5230,
5290,
5338,
5405,
5473,
5508,
5574,
5587,
5632,
5668,
5872,
5879,
5884,
5892,
5941,
5951,
6117,
6137,
6185,
6256,
6287,
6327,
6339,
6343,
6344,
6384,
6431,
6479,
6512,
6575,
6603,
6628,
6688,
6701,
6702,
6916,
6920,
6927,
6983,
7019,
7061,
7083,
7245,
7301,
7491,
7557,
7568,
7599,
7670,
7682,
7686,
7759,
7905,
8073,
8209,
8216,
8250,
8286,
8345,
8404,
8408,
8642,
8665,
8675,
