State_UT,Year,"Agriculture, forestry and fishing",Crops,Livestock,Forestry and logging,Fishing and aquaculture,Mining and quarrying,Primary,Manufacturing,"Electricity, gas, water supply & other utility services",Construction,Secondary,"Trade, repair, hotels and restaurants",Trade & repair services,Hotels & restaurants,"Transport, storage, communication & services related to broadcasting",Railways,Road transport,Water transport,Air transport,Services incidental to transport,Storage,Communication & services related to broadcasting,Financial services,"Real estate, ownership of dwelling & professional services",Public administration,Other services,Tertiary,TOTAL GSVA at basic prices,Taxes on Products,Subsidies on products,Gross State Domestic Product,Population ('00),Per Capita GSDP (Rs.)
Andaman & Nicobar Islands,2011-12,59736.99301,26564.66046,13672.78475,4043.848308,15455.69949,2867.168317,62604.16133,6333.782923,15924.13755,53695.09916,75953.01963,33936.69182,31581.20328,2355.488538,46482.01329,NA,14799.88145,6654.088885,2143.075823,18357.31275,24.865,4502.789372,12774.45279,32303.74734,74782.81952,64942.0088,265221.7336,403778.9145,4416,10328,397866.9145,3860,103074
Andaman & Nicobar Islands,2012-13,61238.18426,27265.40943,14179.14201,3731.405821,16062.227,3161.278822,64399.46308,6371.530651,18486.5791,56388.32402,81246.43377,38820.49784,36438.19209,2382.305749,49650.11951,NA,15649.51638,7144.188442,2449.840858,19671.01044,40.81727309,4694.746119,11097.99487,33160.17321,77949.31221,66882.30124,277560.3989,423206.2957,5163.143443,12781.43538,415588.0038,3950,105212
Andaman & Nicobar Islands,2013-14,65852.95908,30195.36816,15106.06459,4360.711618,16190.81471,8341.875658,74194.83473,6675.547725,18876.35052,61559.77747,87111.67571,45056.99424,42647.49839,2409.495857,52287.59564,NA,17069.19741,7324.101311,2635.22676,19914.41907,39.13157407,5305.519519,11448.19829,34701.06269,77079.99667,68529.31133,289103.1589,450409.6693,9795.453957,10042.39084,450162.7324,4030,111703
Andaman & Nicobar Islands,2014-15,68627.89075,31599.15003,15548.18844,4415.790725,17064.76155,14674.45,83302.34076,6494.622784,20926.10242,63828.41559,91249.14079,48340.80617,45900.90135,2439.904817,58860.06264,NA,17856.07375,7410.675859,7130.523498,20185.01147,33.7408448,6244.037219,12309.56867,36218.71848,84380.29832,71307.26303,311416.7173,485968.1989,9731.111623,11771.39685,483927.9136,4120,117458
Andhra Pradesh,2011-12,9400805,5204052,2758776,250314,1187663,1416194,10816999,5070622,1076517,3702600,9849739,2673500,2322600,350900,3251479,264279,1824800,95100,4500,501900,20700,540200,1425608,2833805,1393752,2730376,14308520,34975258,4243900,1279000,37940158,492750,76997
Andhra Pradesh,2012-13,9783109,5256943,2924660,246911,1354595,1428290,11211399,4018820,734540,3557072,8310432,2955400,2580300,375100,3546157,289703,2055000,86000,10100,505500,15400,584454,1563462,3242590,1446788,2825180,15579577,35101408,4315500,1354006.926,38062901.07,495660,76792
Andhra Pradesh,2013-14,10835268,6062373,2972129,249137,1551629,1387985,12223253,3857458,981461,3707561,8546480,3314900,2882600,432300,3847235,310521,2204100,53100,4500,559800,16400,698814,1651530,3412971,1531813,3030322,16788771,37558504,4480700,1327729.756,40711474.24,498570,81656
Andhra Pradesh,2014-15,11259968,6138257,3118532,241146,1762033,1519655,12779623,4164888,1101243,3969649,9235780,3635300,3191600,443700,4345557,367422,2403600,80400,12700,670800,16000,794635,1817409,3652147,1859641,3362223,18672277,40687680,4897700,1411261.935,44174118.06,501510,88082
Andhra Pradesh,2015-16,12175319,6001025,3491079,235649,2447566,1689493,13864812,4608551,1222658,4338148,10169357,4035900,3495300,540600,4801410,361364,2670700,91700,20700,728800,15800,912346,1961023,3999243,2084677,3865491,20747744,44781913,5390600,1159103.954,49013409.05,504460,97160
Andhra Pradesh,2016-17,13883329,6552800,3916400,230029,3184100,1907528,15790857,5086300,1375832,4681270,11143402,4423100,3749500,673600,5293334,348716,2982000,97000,22000,778000,16200,1049418,2108100,4414800,2310089,4305763,22855186,49789445,6046100,1133400,54702145,507430,107802
Arunachal Pradesh,2011-12,455505,255815,29657,165510,4523,23022,478527,12900,69131,104529,186560,59892,56921,2971,23420,30,12382,0,0,78,0,10930,20884,38261,135418,142509,420384,1085471,41341,20542,1106270,14000,79019
Arunachal Pradesh,2012-13,472794,281052,23953,163051,4738,32615,505409,14037,70426,100177,184640,46755,44029,2726,25073,34,12375,0,0,82,0,12582,21639,39147,139106,155066,426786,1116835,40644,27562,1129917,14280,79126
Arunachal Pradesh,2013-14,491427,295704,31123,160038,4562,37071,528498,18285,77083,110945,206313,60536,57861,2675,29158,43,14081,0,0,86,0,14948,22758,40330,156987,161856,471625,1206436,54249,25844,1234841,14570,84752
Arunachal Pradesh,2014-15,513597,312069,38040,157753,5735,31950,545547,23228,105408,126742,255378,48891,46059,2832,30253,51,13393,0,0,93,0,16716,24101,41495,197462,178131,520333,1321258,58907,26085,1354080,14870,91061
Arunachal Pradesh,2015-16,477074,275949,39258,156118,5749,58785,535859,34299,113445,131897,279641,48500,45739,2761,34331,54,16339,0,0,97,0,17841,25668,38653,200552,196704,544408,1359908,63964,27540,1396332,15160,92106
Assam,2011-12,2848113,2061487,159289,231388,395949,1464989,4313102,1540255,191883,1188747,2920885,2045676,1961211,84465,810091,158334,356262,43626,0,36400,6594,208875,427077,1112543,821723,1077923,6295033,13529020,1203476,415005,14317491,314410,45538
Assam,2012-13,3314074,2496905,172234,231855,413080,1349018,4663092,1426544,198124,1183219,2807887,2127460,2041474,85986,867559,177728,392293,43715,237,36968,6750,209868,448132,1119995,857488,1077970,6498604,13969583,1247593,482938,14734238,318480,46264
Assam,2013-14,3209159,2372688,162088,232953,441430,1251079,4460238,1673668,215835,1351276,3240779,2262227,2174187,88040,963007,199736,412390,21745,8436,31965,7276,281459,472252,1105795,840311,1249518,6893110,14594127,1318035,459622,15452540,322600,47900
Assam,2014-15,3226643,2373106,168351,234186,451000,1267685,4494328,1725925,243753,1493811,3463489,2574025,2478459,95566,1026705,215650,433682,3846,22401,30530,8806,311790,497116,1123047,1114171,1416693,7751757,15709574,1451179,489869,16670884,326780,51016
Assam,2015-16,3351716,2474086,170209,235302,472119,1294087,4645803,1912063,285753,1684278,3882094,2838308,2734765,103543,1141352,239371,466821,4290,24995,34066,9731,362078,523022,1132014,1174578,1578773,8388047,16915944,1539995,496465,17959474,331010,54257
Bihar,2011-12,6206655,4260778,1202821,418682,324374,19858,6226513,1466570,365887,2701685,4534142,4390442,4110861,279581,1754480,275142,840472,4895,3079,89270,7400,534222,883932,2802336,1358743,2219262,13409195,24169850,1716948,1172402,24714396,1050570,23525
Bihar,2012-13,6803952,4749271,1252513,425336,376833,21633,6825585,971402,401732,2560746,3933881,4672876,4394474,278402,2037224,334639,996239,2383,5446,104325,7858,586335,958003,2868648,1334968,2529747,14401466,25160933,1958839,1434692,25685080,1067200,24068
Bihar,2013-14,5951631,3710714,1400799,433006,407112,138585,6090217,1889284,412824,2726064,5028173,4568275,4277450,290824,2347317,396524,1137320,1458,3845,120221,7138,680810,1027313,2981896,1275241,2747801,14947842,26066232,2263772,1365022,26964982,1084080,24874
Bihar,2014-15,5971458,3542583,1537112,439923,451840,62856,6034314,1901006,550781,2748360,5200146,6406611,6091195,315415,2583288,395857,1267586,1796,10964,134314,8566,764205,1077187,3092782,1608989,3466877,18235733,29470193,2679293,1672853,30476634,1101240,27675
Bihar,2015-16,5914496,3360112,1629769,447266,477350,68751,5983247,2364988,634102,2899110,5898199,7408732,7066672,342059,2824092,395192,1412467,1716,10475,149984,8186,846072,1129482,3213945,1545002,3427871,19549123,31430570,3267216,2044269,32653517,1118670,29190
Chandigarh,2011-12,12615,1205,10884,291,235,230,12845,101724,23897,113825,239446,614134,558189,55945,93714,838,34945,0,2195,20460,711,34565,285574,392976,127626,106809,1620833,1873124,27002,23337,1876789,10640,176390
Chandigarh,2012-13,12132,1190,10581,313,48,197,12329,108123,24434,105186,237743,683073,625747,57326,101658,929,40171,0,4342,22062,698,33456,318434,412320,141795,114943,1772223,2022295,31309,27105,2026499,10800,187639
Chandigarh,2013-14,12363,1141,10777,337,108,154,12517,124380,23927,113589,261896,740598,681860,58738,108439,1180,40422,0,3740,24563,737,37797,321675,460838,140362,125750,1897662,2172075,38738,21466,2189347,10960,199758
Chandigarh,2014-15,12502,1118,10908,362,114,143,12645,135127,25052,114643,274822,830616,766280,64336,128810,914,48283,0,9225,29447,610,40331,341113,503832,147241,129539,2081151,2368618,43191,19764,2392045,11120,215112
Chandigarh,2015-16,12335,1122,10719,379,115,140,12475,147366,26891,119114,293371,935273,862831,72442,139198,938,56499,0,9474,30241,626,41420,376247,559393,156958,138010,2305079,2610925,46508,19514,2637919,11280,233858
Chhatisgarh,2011-12,2685950,1798258,226704,426205,234783,1970259,4656209,2435032,709991,1901330,5046353,932617,847597,85020,583708,121509,275736,0,2217,3756,10189,170301,537699,1755211,549383,781803,5140421,14842983,1704500,740100,15807383,257850,61305
Chhatisgarh,2012-13,2850360,1923736,237979,449230,239415,1923176,4773536,2660179,955984,1787106,5403268,1021682,938352,83330,650790,133946,304025,0,3998,4142,11087,193592,597241,1741686,562938,801651,5375988,15552792,1922144,881286,16593650,262010,63332
Chhatisgarh,2013-14,2930967,1986080,249536,428448,266903,2072375,5003342,3588922,1047311,1760222,6396455,1129497,1032614,96883,726990,139290,332124,0,3021,4557,12696,235303,618887,1895155,661283,788795,5820607,17220404,1928223,925729,18222898,266240,68445
Chhatisgarh,2014-15,3010401,2040506,248185,427452,294258,2113041,5123442,4065674,1167621,1851175,7084470,1282528,1181127,101401,796455,135941,362204,0,8444,4990,14810,270066,675796,1969011,671086,905423,6300299,18508211,2241943,1147853,19602301,270530,72459
Chhatisgarh,2015-16,3038667,2050750,245571,421736,320610,2027310,5065977,4443783,1299486,1971130,7714399,1412901,1320406,92495,890159,141903,397185,0,8632,5469,17028,319941,740195,2096091,744778,1018616,6902739,19683115,2653081,1435024,20901172,274900,76032
Chhatisgarh,2016-17,3217003,2198871,258761,412592,346779,2074193,5291196,4777067,1394311,2091535,8262913,1511804,1404466,107338,991589,142260,436683,0,9329,6009,19165,378144,785411,2230717,880365,1186288,7586174,21140283,2935022,1682105,22393200,279330,80168
Delhi,2011-12,285471,65772,217867,1007,826,772879,1058350,1890728,410538,1666852,3968117,4212068,3806351,405718,3929455,190731,664297,546,98961,2368549,21247,585124,5388295,7248036,1957156,2558685,25293696,30320163,4442090,385589,34376664,169750,202513
Delhi,2012-13,222388,59709,161035,874,771,699057,921445,2224419,676895,1631439,4532753,4569446,4153115,416331,4330167,207113,685246,569,170445,2620571,22608,623615,5913960,7514915,1662655,2656329,26647472,32101671,4980914,428775,36653809,173000,211872
Delhi,2013-14,199538,46206,151777,796,760,919949,1119487,2315186,805878,1680482,4801546,4971722,4547482,424240,4602256,240199,658156,499,135236,2822029,24322,721815,6226900,8027163,1604585,2740075,28172701,34093733,5477571,399518,39171787,176310,222176
Delhi,2014-15,187767,32618,153677,719,753,923303,1111070,2452498,823318,1656381,4932196,5087436,4623870,463566,5217753,254541,674728,539,394932,3061517,25795,805701,6668652,9301071,1636761,3036561,30948233,36991499,5598440,297947,42291992,179690,235361
Delhi,2015-16,225989,47841,176561,795,793,1157339,1383328,3151066,949163,1599656,5699884,5403666,4890212,513453,5545616,254538,667709,561,410648,3313305,31841,867014,7003808,9888912,1701629,3229458,32773089,39856301,6543263,377900,46021663,183140,251292
Delhi,2016-17,228911,48412,178990,796,713,1239378,1468289,3857622,1006701,1562491,6426814,5453595,4914837,538757,5943519,264869,666450,587,493103,3548637,35114,934760,7410028,11178354,1761405,3526659,35273559,43168662,7112032,459006,49821688,186640,266940
Goa,2011-12,204298,102417,23531,11797,66554,643618,847915,1629346,95883,135801,1861030,259615,231790,27825,155964,12158,34683,42442,9731,29654,192,27105,172930,268681,250476,123955,1231620,3940566,373700,77600,4236666,14650,289192
Goa,2012-13,195849,102909,22396,11949,58595,205839,401688,1389382,112589,129211,1631182,238038,210631,27406,133878,12876,32015,20554,17009,23755,234,27435,201719,286457,259032,130229,1249352,3282222,390000,87200,3585022,14750,243052
Goa,2013-14,222419,109744,24832,11522,76320,3191,225610,1016189,143930,143137,1303255,241585,213815,27771,120516,12583,30044,11076,14694,19055,266,32798,200864,307994,276361,142460,1289781,2818646,393600,55400,3156846,14850,212582
Goa,2014-15,218876,106196,23222,11703,77754,3615,222490,1069516,176413,142770,1388699,307125,276911,30214,167172,13365,29125,14957,42844,29678,298,36905,213621,340483,285323,149751,1463475,3074664,437700,51300,3461064,14950,231509
Goa,2015-16,223279,104980,32893,10525,74881,4398,227678,1171667,219661,146758,1538085,360307,327144,33163,125545,14196,28227,16725,14698,20365,334,30999,227188,378319,294882,158980,1545221,3310984,488600,47600,3751984,15050.6734,249290
Gujrat,2011-12,10736422,7950972,1850549,611318,323584,1850611,12587033,15681931,2190546,4469267,22341743,6646396,6646396,NA,3253230,328792,NA,NA,NA,2126306,36202,761929,2942743,3481417,1917276,2022268,20263330,55192107,7700384,1331884,61560607,609060,101075
Gujrat,2012-13,9255884,6301794,1929944,698234,325912,2295376,11551260,19338449,2421859,4612284,26372592,7862424,7862424,NA,3537497,346418,NA,NA,NA,2339398,37246,814436,3392892,3678626,2046868,2258344,22776651,60700503,9028314,1463795,68265021,617130,110617
Gujrat,2013-14,11713736,8650200,2098122,608903,356512,1928116,13641852,19838758,2539562,5004328,27382647,8098297,8098297,NA,3655799,357047,NA,NA,NA,2303149,40971,954632,3768414,3997015,2118907,2486217,24124649,65149149,9849890,1570652,73428387,625300,117429
Gujrat,2014-15,11657931,8407995,2216596,609714,423626,1976319,13634250,21326664,2869705,5106096,29302465,9264452,9264452,NA,4040561,436916,NA,NA,NA,2487123,49203,1067319,4145255,4327946,2228213,2657234,26663660,69600374,11238725,1682169,79156930,633590,124934
Gujrat,2015-16,11509274,8046451,2367325,654306,441192,2085016,13594290,23779231,3113630,5458417,32351277,9959285,9959285,NA,4448482,481918,NA,NA,NA,2711461,54368,1200734,4688283,4805066,2417611,2928466,29247193,75192760,13036921,1798238,86431443,641990,134631
Haryana,2011-12,6453886,4088737,1889817,389490,85843,11882,6465768,5328609,344604,2975966,8649179,3310742,3191526,119216,1727689,268949,1004452,0,0,139222,11955,303112,1165659,4092800,729814,1265812,12292516,27407463,3321210,974821,29753852,255600,116408
Haryana,2012-13,6326499,3856332,2002661,377216,90289,9097,6335596,6349760,337507,2761498,9448764,3607907,3486175,121732,1874377,318532,1087092,0,0,150068,12828,305858,1304010,4643552,764028,1384253,13578127,29362488,3777892,1083427,32056952,259220,123667
Haryana,2013-14,6502514,3915654,2133604,367745,85510,27666,6530180,6765323,291719,3068674,10125716,3798889,3675088,123801,2046999,324588,1175328,0,0,161377,12478,373228,1432685,5433987,768053,1444671,14925284,31581180,4005885,907133,34679932,262900,131913
Haryana,2014-15,6377952,3647847,2281985,358057,90064,24525,6402477,6987402,303996,3065537,10356936,4281158,4136689,144469,2299178,367115,1314484,0,0,179524,11881,426174,1598103,5776004,856924,1653068,16464434,33223848,4330527,890788,36663587,266620,137513
Haryana,2015-16,6562812,3690776,2422786,348941,100309,47711,6610523,7684061,281379,3184051,11149490,4849364,4679445,169918,2535880,392291,1435206,NA,NA,195302,11886,501195,1688282,6451796,907663,1827247,18260231,36020244,4835207,890857,39964594,270400,147798
Haryana,2016-17,6982663,3982540,2533356,339782,126985,93290,7075953,8191141,292394,3340819,11824353,5287784,5098075,189709,2796928,420928,1562186,NA,NA,212495,11865,589454,1833474,7232463,1024509,2058475,20233634,39133940,5218399,891546,43460793,274230,158483
Himachal Pradesh,2011-12,1162627,673402,115315,368735,5175,28640,1191267,1799826,602408,638216,3040450,456829,357260,99569,300837,1720,169771,0,898,814,163,127471,287346,674894,375875,612783,2708563,6940280,551418,219713,7271985,69010,105376
Himachal Pradesh,2012-13,1244328,742067,119462,377092,5707,28187,1272514,1924071,605273,675541,3204885,475495,376793,98702,328513,1830,195694,0,1520,1023,165,128281,312147,747653,404423,666938,2935168,7412568,573528,247669,7738427,69620,111152
Himachal Pradesh,2013-14,1371209,870435,111432,382790,6552,24215,1395424,2052197,646998,723125,3422320,507916,411495,96421,405449,2142,245464,0,1277,1072,106,155387,304420,815871,400849,676687,3111193,7928936,583922,228190,8284669,70230,117965
Himachal Pradesh,2014-15,1303842,791702,110068,394762,7309,25830,1329672,2238899,689563,761455,3689917,521467,417210,104257,489411,2159,303945,0,3487,1094,112,178614,331491,916883,461615,776900,3497767,8517357,624907,239100,8903164,70840,125680
Jammu & Kashmir,2011-12,1306347,795339,344125,134536,32348,32931,1339278,797560,616233,652780,2066574,667074,590434,76640,471747,12315,344034,0,7900,626,0,106872,226052,948348,1127470,629362,4070053,7475905,551520,202038,7825387,126520,61851
Jammu & Kashmir,2012-13,1225277,709338,342655,140888,32397,40571,1265848,743851,731523,639620,2114994,751739,678746,72994,518923,13631,377597,0,8573,687,0,118435,258493,985841,1135766,643987,4294749,7675591,611426,235519,8051498,128450,62682
Jammu & Kashmir,2013-14,1362364,851796,332148,146110,32311,22719,1385083,760705,755985,703329,2220019,787412,718378,69033,578868,14701,406720,0,9301,740,0,147406,313041,1037646,1060599,735173,4512739,8117841,651512,216339,8553014,130410,65586
Jammu & Kashmir,2014-15,1141886,561700,396709,150687,32790,22365,1164252,789800,766151,622151,2178102,748560,679391,69169,629087,15375,436912,0,9719,796,0,166287,357590,1093776,1115436,793239,4737689,8080042,643293,196592,8526743,132390,64406
Jammu & Kashmir,2015-16,1405548,708567,508584,154622,33775,42428,1447976,793309,805997,661066,2260371,839783,780980,58803,818257,16463,605374,0,13920,1106,0,181394,374494,1145673,1288772,830177,5297155,9005503,783697,192686,9596514,134410,71397
Jharkhand,2011-12,2233546,1342099,477585,357560,56302,1620374,3853920,3016583,241235,1439526,4697344,1152143,1065983,86160,975954,297906,458247,0,1373,22315,384,195729,414386,1101151,981782,736279,5361695,13912959,1511500,332700,15091759,333020,45318
Jharkhand,2012-13,2364954,1498008,445735,361880,59331,1730483,4095437,3614824,286345,1344315,5245484,1287305,1184361,102944,1076288,345399,490939,0,1285,25425,369,212871,453306,1189599,859075,824103,5689676,15030597,1697187,402757,16325027,338480,48230
Jharkhand,2013-14,2321286,1430467,461145,365294,64380,1720631,4041917,3356361,291006,1484303,5131670,1400566,1298228,102338,1180454,374927,535722,0,2256,18495,332,248722,466489,1249340,801042,900892,5998783,15172370,1751335,342088,16581617,344020,48200
Jharkhand,2014-15,2433756,1526077,475380,366931,65368,1983916,4417672,3716292,292750,1523709,5532751,1706315,1576790,129525,1259298,403702,556658,0,5754,14940,261,277983,504239,1432194,891318,1106486,6899850,16850273,2153530,354691,18649112,349660,53335
Jharkhand,2015-16,2739271,1771414,502000,394614,71243,2141761,4881032,4181247,329192,1691220,6201659,2104622,1943220,161402,1467070,470865,643061,0,10098,14223,251,328572,554627,1690618,922459,1292786,8032182,19114873,2153530,354691,20913712,355380,58849
Karnatka,2011-12,7554868,5339456,1349662,593458,272293,450254,8005123,9713888,1082882,5033145,15829915,6044367,4957019,1087348,3351079,202215,2195731,26907,37365,47206,27642,814013,2879395,14366759,1488762,3256051,31386413,55221451,7037506,1881201,60377756,614820,98204
Karnatka,2012-13,7169531,4919527,1407783,576359,265862,391983,7561514,10355690,1057959,4772392,16186041,6441848,5340550,1101298,3641284,229623,2395683,23957,64131,37663,29197,861029,3169705,16384561,1666149,3548367,34851914,58599469,7597834,2076139,64121164,621510,103170
Karnatka,2013-14,7684580,5394780,1451497,560553,277749,559635,8244214,10879255,1116531,5381668,17377453,7095858,5982747,1113111,3927578,213140,2574544,19596,49161,38953,29948,1002236,3486541,18568176,1796173,3794889,38669215,64290883,8374096,1802699,70862280,628270,112790
Karnatka,2014-15,7985711,5605170,1519992,549852,310698,733907,8719619,11713701,1214271,5370015,18297988,7215196,6036006,1179189,4470649,224736,2875764,20075,142786,46005,34435,1126847,3914422,19722393,1843880,4127369,41293908,68311515,9315850,1599153,76028212,635100,119711
Karnatka,2015-16,7288005,4870125,1578000,544407,295472,616758,7904762,12468837,1222016,5662813,19353665,7603849,6327017,1276832,5080087,277479,3165985,19992,190191,51899,37174,1337366,4176534,22265379,1847337,4617349,45590535,72848963,10229578,1523996,81554545,642010,127030
Kerala,2011-12,4837594,2904593,1125351,430286,377363,272483,5110077,3420404,467898,5308794,9197095,5321692,4732163,589529,2797970,98140,2001208,28281,26891,61793,3317,578340,1430848,4220948,1585585,3965096,19322139,33629311,3407148,631670,36404789,335014.83,108666
Kerala,2012-13,4906807,2869263,1230404,430722,376419,228953,5135760,3846915,463168,5144715,9454798,6056645,5448610,608035,2941811,119322,2131348,23242,49541,63258,3480,551620,1527917,4793379,1576474,4148689,21044915,35635473,3827884,694011,38769346,336661.74,115158
Kerala,2013-14,4597159,2599876,1238024,361413,397845,343746,4940905,3668087,500728,5615519,9784334,6191493,5593394,598099,3255998,117820,2337452,18173,38715,59794,2530,681515,1696260,5477583,1571388,4247185,22439908,37165147,3858878,745892,40278133,338173.8654,119105
Kerala,2014-15,4546727,2499612,1258427,357325,431364,478249,5024976,3758140,484874,5996550,10239564,6704253,6081980,622273,3477256,126308,2387270,23485,108929,58580,2786,769898,1838230,6132004,1616845,4539062,24307650,39572190,4339126,687642,43223674,339842.7433,127187
Kerala,2015-16,4412673,2329600,1287477,355382,440214,507958,4920630,4233372,501216,6383135,11117723,7243013,6595906,647107,3805562,135407,2437620,25135,273915,56729,3115,873640,1992082,6871233,1680419,4848450,26440759,42479111,4879142,633941,46724313,341525,136811
Madhya Pradesh,2011-12,9107231,7333369,897640,811315,64907,1171195,10278426,3828625,903127,3495447,8227199,3378935,3149375,229560,1831032,318912,949685,0,4209,25479,18514,514233,1593654,1639308,1629141,1791096,11863166,30368791,2983400,1796100,31556091,732470,43082
Madhya Pradesh,2012-13,11339038,9395331,1048901,821431,73375,1295841,12634879,3967354,920394,3249590,8137338,3747275,3516079,231196,2102038,436338,1035961,0,7747,27751,21398,572843,1709348,1766587,1757503,1946779,13029530,33801747,3445400,2101000,35146147,743220,47289
Madhya Pradesh,2013-14,11323702,9213152,1225831,801851,82868,1257060,12580762,3701507,1061246,3520189,8282942,3890072,3654321,235751,2224380,424844,1062836,0,5395,28538,22703,680064,1854441,1913540,1844482,1954757,13681672,34545376,3544400,1670100,36419676,754120,48294
Madhya Pradesh,2014-15,11851830,9471960,1504860,781078,93932,1198568,13050398,3916538,1140925,3663307,8720770,4187697,3950874,236823,2452908,431952,1168425,0,22824,31312,23929,774466,1901479,2097238,2026359,2127008,14792689,36563857,3604500,1769000,38399357,765180,50183
Madhya Pradesh,2015-16,12060587,9360067,1830754,770804,98962,1200011,13260598,4263521,1246176,3741926,9251623,4666355,4415426,250929,2825217,481133,1312312,0,22810,35320,27210,946432,2221385,2335888,2235598,2361136,16645579,39157800,4207500,1904600,41460700,776410,53401
Madhya Pradesh,2016-17,14760969,11775666,2099697,773752,111854,1206902,15967871,4579278,1328653,3961512,9869443,5038691,4778590,260101,3146660,497852,1416479,0,45030,38297,29678,1119324,2427595,2579810,2389072,2522628,18104456,43941770,4567600,1988200,46521170,787800,59052
Maharashtra,2011-12,14517809,9851618,2855741,1516574,293875,5649313,20167122,24603175,2617289,7863028,35083491,10560911,9422900,1138011,6450024,598786,3122427,122650,99047,825433,92479,1589202,11783628,19086971,3906953,6662495,58450982,113701595,16208500,2613400,127296695,1131530,112500
Maharashtra,2012-13,14248305,9498473,2963830,1489459,296543,5878100,20126405,26667940,2754752,7641447,37064139,11684297,10521534,1162763,6967463,619217,3337287,172606,168809,908071,93993,1667479,12652668,20698176,3982210,7260550,63245364,120435908,18405000,3129300,135711608,1145010,118524
Maharashtra,2013-14,16046955,11356641,2995603,1392160,302552,4690138,20737094,28180094,2768668,7822048,38770810,11700532,10523114,1177418,7363262,636819,3546427,149229,124690,943541,101183,1861372,13725287,22768866,4055017,8087549,67700513,127208417,20054400,3078500,144184317,1158650,124442
Maharashtra,2014-15,13486265,8693722,3117979,1350713,323851,5750556,19236821,29472034,3286759,7916915,40675708,12683239,11442293,1240946,8097791,681459,3806341,187201,145814,1022636,109446,2144893,14761501,25443153,4380193,9074446,74440323,134352853,21539100,3407400,152484553,1172450,130056
Manipur,2011-12,251623,137772,52587,42183,19081,NA,251623,40990,54276,100712,195978,156450,149457,6993,70408,2,43561,NA,1999,1816,NA,23030,23400,134847,231790,208417,825312,1272913,48918,30370,1291461,28925,44649
Manipur,2012-13,276425,159419,54292,40439,22275,NA,276425,28894,55762,99017,183673,130915,123727,7188,80780,3,49507,NA,3230,2064,NA,25976,24099,136333,233702,230853,836682,1296780,42553,40837,1298496,29561,43926
Manipur,2013-14,289684,167469,55878,40102,26235,NA,289684,41278,54234,111497,207009,190705,183334,7371,86859,5,50523,NA,2169,2106,NA,32056,26237,137021,216543,227976,885341,1382034,66521,36935,1411620,30210,46727
Manipur,2014-15,284435,162104,56898,39735,25697,NA,284435,42722,42959,129814,215495,226176,218172,8004,96966,5,53489,NA,5366,2230,NA,35876,27720,139580,241658,251273,983373,1483303,77442,57716,1503029,30873,48684
Meghalaya,2011-12,282868,163103,59593,56090,4082,139436,422304,464603,45558,113619,623780,258058,239040,19018,95615,NA,70235,NA,325,NA,288,24767,55825,115443,177913,143244,846097,1892181,152456,52863,1991774,30040,66304
Meghalaya,2012-13,313890,194211,59885,54645,5149,114240,428130,466490,45903,97027,609420,298978,279603,19375,106250,NA,76906,NA,561,NA,297,28486,55439,117669,168912,146118,893365,1930916,168649,64208,2035357,30690,66320
Meghalaya,2013-14,326927,198256,67018,56185,5468,165813,492740,382776,51283,100372,534431,328738,308765,19973,112657,NA,78595,NA,456,NA,320,33287,55476,121014,178420,155272,951577,1978747,150561,56737,2072571,31350,66111
Meghalaya,2014-15,335911,206070,67447,56653,5741,71916,407827,404387,48854,117628,570869,329654,307155,22499,126218,NA,90214,NA,1230,NA,68,34705,61277,126673,194276,173634,1011731,1990427,176018,51262,2115183,32020,66058
Meghalaya,2015-16,354784,218705,68373,56924,10782,73303,428087,432461,49281,120169,601911,359677,333484,26193,145210,NA,105125,NA,1440,NA,77,38568,65050,131799,193337,191716,1086788,2116786,184655,50740,2250701,32710,68808
Meghalaya,2016-17,372262,232061,69793,57489,12919,74480,446742,459305,50852,121313,631470,390809,361086,29723,170719,NA,124624,NA,1713,NA,90,44292,68455,136141,200949,211779,1178852,2257064,190321,46910,2400475,33410,71849
Mizoram,2011-12,149468,75876,30336,38403,4853,5073,154541,6578,51024,89328,146930,76482,74230,2252,31917,30,21376,613,103,0,0,9795,20053,41471,139286,132328,441537,743008,23226,40365,725869,11107.88,65347
Mizoram,2012-13,145937,72965,29562,38111,5299,3815,149752,6609,57066,81645,145320,91962,89595,2367,36135,33,23956,739,177,0,0,11230,19192,42396,163517,143738,496940,792012,25262,39477,777797,11344.64,68561
Mizoram,2013-14,157013,82864,30774,37987,5387,11745,168758,7007,88657,99986,195650,95240,92764,2476,41073,31,27085,530,144,0,0,13283,19683,43829,175239,149694,524758,889165,32999,18323,903841,11586.45,78008
Mizoram,2014-15,164630,87364,34056,37388,5822,7438,172069,7283,104953,111249,223485,105641,102877,2764,45217,27,29569,380,392,0,0,14849,21185,45035,179516,150489,547084,942637,39437,18710,963364,11833,81413
Nagaland,2011-12,373363,204304,83147,79569,6344,5660,379022,15122,29524,105135,149782,105152,100064,5088,57815,376,32072,1319,937,0,63,23049,47701,129296,182188,155696,677849,1206653,34970,57711,1183912,19910,59463
Nagaland,2012-13,392141,231166,77254,77109,6611,3823,395963,18343,33678,105374,157395,113537,108328,5208,59108,448,33813,640,1618,0,90,22498,52078,139106,178282,180282,722392,1275751,36085,67671,1244165,20120,61837
Nagaland,2013-14,435269,276327,75457,76564,6921,7022,442291,14020,26916,81435,122371,108460,103530,4931,63331,286,31198,406,1317,0,69,30054,52249,135426,239851,202235,801552,1366214,43247,26844,1382617,20340,67975
Nagaland,2014-15,444720,284921,74905,77632,7262,7884,452603,14156,27854,99317,141327,94522,90583,3939,68193,287,31414,513,3552,0,74,32352,55223,130675,242310,210234,801158,1395088,47600,31152,1411536,20550,68688
Odisha,2011-12,3899782,2508626,538480,584641,268035,2648738,6548520,4116404,498975,2059629,6675009,2035854,1838866,196989,1347538,179466,693450,41962,3421,80536,13967,334737,796303,1707147,863077,1738239,8488159,21711688,2031089,955550,22787227,422220,53970
Odisha,2012-13,4512669,3090082,550266,565114,307207,2545707,7058376,3999269,547856,2009624,6556749,2264180,2062399,201782,1488772,222896,780615,41416,7031,85284,14932,336598,898381,1764397,920003,1741648,9077382,22692506,2136425,991969,23836962,426510,55888
Odisha,2013-14,4278068,2810918,602444,564450,300256,3134135,7412203,4797958,508226,2144850,7451034,2425785,2219235,206550,1590892,247615,830026,39866,4939,91875,15623,360948,929172,1871946,1238462,1665455,9721711,24584948,2257786,924810,25917925,430840,60157
Odisha,2014-15,4657383,3150624,579748,589805,337205,2787414,7444797,5297939,564063,2147271,8009273,2703923,2478678,225245,1758042,295602,885634,45821,13973,106906,18731,391374,1018384,1994473,1152119,1879738,10506679,25960749,2452571,941238,27472082,435220,63122
Odisha,2015-16,4021477,2440440,599942,605467,375627,3265346,7286823,5520977,623666,2232424,8377068,3061404,2809844,251560,1968307,324921,1014079,46714,14966,111974,19802,435853,1111143,2204664,1194983,2106272,11646774,27310665,2650330,838307,29122687,439630,66244
Odisha,2016-17,4600509,2948116,617170,614660,420563,3334370,7934879,5866911,664646,2302545,8834102,3282438,3014634,267803,2154797,363712,1111802,48351,17715,120920,21441,470855,1197880,2367428,1298847,2286649,12588039,29357020,2870293,790935,31436378,444100,70787
Puducherry,2011-12,75378,20453,32214,3319,19392,25362,100740,427827,22711,244130,694668,147477,127194,20283,67419,200,41200,3968,0,689,51,21311,59157,144860,80270,186610,685793,1481201,249800,49200,1681801,12670,132739
Puducherry,2012-13,79263,23323,33368,3082,19490,33443,112706,415760,24241,219651,659652,174572,154007,20565,70566,194,43633,3688,0,733,42,22276,62692,150759,77618,200078,736285,1508643,275200,52800,1731043,13010,133055
Puducherry,2013-14,80607,23707,33991,2879,20030,25097,105704,543613,26536,264719,834868,165482,144685,20797,73995,209,43689,2805,0,843,26,26423,63110,166444,72843,202068,743942,1684514,278733,46222,1917025,13350,143597
Puducherry,2014-15,87123,26190,34190,2707,24036,29098,116221,580439,21651,274703,876793,169952,144954,24998,76298,225,43641,2569,0,934,25,28904,66068,201872,77496,219117,810803,1803817,273767,34740,2042844,13710,149004
Puducherry,2015-16,96667,30166,39106,2747,24648,31984,128651,580705,25071,281870,887646,209983,175804,34179,83804,257,45813,3373,0,1302,27,33032,69835,230409,80351,250929,925311,1941608,291858,32756,2200710,14070,156412
Puducherry,2016-17,105813,35204,41632,3050,25927,35797,141610,594605,25155,297855,917615,250845,212294,38551,93038,259,52730,3478,0,1656,35,34880,75854,263247,82723,272801,1038524,2097733,289400,21523,2365610,14450,163710
Punjab,2011-12,7816825,5007937,2034580,715707,58601,3682,7820507,3750728,714903,1978423,6444054,2532467,2371685,160781,1321324,190402,625062,0,2464,32147,48043,423205,1464304,2274674,1269455,2250644,11112868,25377429,2192500,907100,26662829,279547,95379
Punjab,2012-13,7886831,5014188,2109779,703349,59514,1988,7888818,3892533,752950,1942098,6587582,2758214,2590152,168062,1463689,228801,668665,0,4344,34791,86001,441087,1552557,2448099,1396131,2445027,12063717,26540116,2488956,946787,28082285,283207,99158
Punjab,2013-14,8173474,5199614,2221316,690100,62444,7651,8181124,4072839,781504,1974967,6829311,3007122,2831263,175859,1544319,215504,727773,0,3520,37875,59263,500384,1642959,2586753,1448010,2671396,12900559,27910993,2737963,790825,29858131,286916,104066
Punjab,2014-15,7895027,4865022,2286318,674784,68903,8259,7903285,4261467,829800,1983526,7074793,3336614,3152331,184282,1656384,216504,790467,0,3823,41137,63983,540470,1750302,2784397,1555265,2970631,14053593,29031671,3022224,726302,31327592,290673,107776
Rajasthan,2011-12,11910650,7346942,3113617,1416986,33105,1841530,13752181,6666606,763271,4359171,11789049,4374625,4097894,276731,2312809,240962,1410655,0,6698,31956,10113,612425,1364042,4133721,1467926,2481856,16134979,41676209,3395875,1425555,43646529,691240,63142
Rajasthan,2012-13,12263755,7565947,3259521,1402313,35974,3229375,15493129,5362722,806148,4269383,10438253,4746079,4475926,270153,2614757,321371,1558115,0,12105,35407,10008,677751,1464904,4514601,1463710,2672759,17476809,43408191,3872933,1782397,45498727,701220,64885
Rajasthan,2013-14,12994576,8092550,3471129,1392354,38544,3278647,16273224,5549813,815942,4391972,10757727,5163638,4894882,268756,2934913,372834,1682212,0,9376,38441,11588,820462,1572619,4728067,1704552,2880481,18984269,46015220,4097923,1852675,48260468,711340,67844
Rajasthan,2014-15,12877970,7290396,4138540,1398176,50859,3503949,16381919,5882925,891592,4585218,11359735,5701453,5424445,277008,3245692,396815,1790954,0,11617,41060,12957,992290,1670991,5091714,1967731,3341088,21018669,48760324,4427659,1978532,51209451,721610,70966
Sikkim,2011-12,90137,78207,7627,4017,287,800,90937,430623,186623,67095,684341,31446,26677,4769,28365,0,21351,0,0,0,0,7014,16521,58394,74027,105179,313932,1089210,40600,13300,1116510,6140,181842
Sikkim,2012-13,93361,81638,7400,4007,316,850,94210,431783,171439,63127,666349,50935,46229,4706,33784,0,26695,0,0,0,0,7089,17341,59636,79860,106068,347624,1108183,49305,15368,1142121,6210,183916
Sikkim,2013-14,96740,83575,8932,3884,349,1080,97820,466812,164249,66590,697651,60934,56182,4752,37525,0,28349,0,0,0,0,9176,18238,61883,83802,107405,369787,1165257,60796,14649,1211405,6270,193207
Sikkim,2014-15,98080,84064,9754,3878,385,1130,99210,477885,186015,70861,734761,61143,56202,4941,40374,0,30050,0,0,0,0,10324,19275,64955,104101,120948,410796,1244767,58353,14871,1288249,6330,203515
Sikkim,2015-16,101009,86122,10630,3833,424,1273,102282,502937,198340,75077,776355,67249,61815,5434,45583,0,33778,0,0,0,0,11804,20292,67791,116954,129336,447204,1325841,62153,15840,1372154,6400,214399
Tamil Nadu,2011-12,8773221,5375639,2617944,355528,424110,326843,9100064,15176801,795604,9247221,25219626,7930219,6893400,1036819,5337904,316026,2866546,66379,43317,822307,26961,1196369,4019599,10253371,2598408,4842953,34982454,69302145,8455881,2609517,75148509,725370,103600
Tamil Nadu,2012-13,7819910,4219389,2825041,347170,428311,291902,8111812,17007020,805421,9271146,27083588,8693122,7628750,1064373,5709312,353342,3071483,57869,74569,879938,26509,1245601,4377496,10975858,2349570,5017597,37122955,72318355,9252210,2779827,78790738,732110,107621
Tamil Nadu,2013-14,9168957,5055870,3338169,342909,432009,284248,9453205,16796887,841021,10060010,27697918,9296979,8170037,1126942,6012213,373039,3202688,53011,55991,836001,28834,1462648,4657539,12065312,2507757,5384997,39924796,77075920,9488096,2345822,84218194,738900,113978
Tamil Nadu,2014-15,9965253,5370633,3802479,324971,467170,231198,10196451,17094248,858989,10393086,28346323,9952135,8686531,1265604,6296403,400159,3224979,61684,158416,757237,33022,1660906,5119282,13475948,2730924,5784770,43359463,81902236,10478138,2317584,90062790,745760,120766
Tamil Nadu,2015-16,9817876,5182481,3832600,319254,483542,217786,10035662,18310096,835460,11268440,30413996,10615582,9180868,1434714,6966490,431099,3392028,73546,297601,858838,39171,1874207,5646568,15230494,2833271,6485555,47777961,88227620,12164519,2410523,97981616,752690,130175
Tamil Nadu,2016-17,9529065,4762813,3935510,309347,521395,242403,9771467,18611816,853417,12142136,31607368,11827009,10137944,1689066,7507350,459776,3448892,86085,421603,953702,46607,2090685,6218957,16927136,3345290,7434370,53260112,94638948,13307579,2187288,105759239,759680,139216
Telengana,2011-12,5461488,3236819,1884801,191725,148143,1106109,6567597,6215158,783505,2278975,9277638,3747813,3048685,699128,2531735,161363,1461278,0,23258,371763,17531,496542,2126507,5551356,1131292,2670927,17759630,33604865,3281100,942700,35943265,356820,100732
Telengana,2012-13,5943360,3554097,2035097,190565,163601,1154111,7097471,5298254,533205,2314347,8145806,4026649,3296692,729957,2791360,167525,1598221,0,40372,453180,13888,518174,2332137,6260616,1152272,2698950,19261984,34505261,3420900,997200,36928961,360400,102467
Telengana,2013-14,6178978,3723256,2082712,185807,187203,1127788,7306766,5289860,742870,2136705,8169435,4357584,3788142,569442,2899020,179226,1687122,0,30551,396418,14568,591135,2567920,6988082,1212019,2921308,20945933,36422134,3518300,952200,38988234,364010,107108
Telengana,2014-15,5590964,2955512,2251636,180754,203062,1390770,6981734,5725215,603535,2483549,8812299,5276515,4651943,624572,3173144,172947,1819232,0,106034,399667,16147,659117,2890978,7675111,1379260,3207945,23602953,39396986,3699600,699400,42397186,367660,115316
Telengana,2015-16,5239809,2488459,2393602,176973,180775,1502232,6742041,6080178,533212,2652430,9265820,5858422,5196950,661472,3565546,170454,2040628,0,138645,449001,19040,747778,3086207,8606130,1607965,3579288,26303558,42311419,5057400,929900,46438919,371340,125058
Telengana,2016-17,5871918,2962005,2546059,174510,189344,1736419,7608337,6511871,520470,2811576,9843917,6430566,5727351,703215,3963242,172943,2285515,0,184927,505773,21439,792645,3388038,9223278,1650401,3801654,28457179,45909433,6053000,833800,51128633,375050,136325
Tripura,2011-12,511201,318959,33664,109763,48815,118123,629324,72651,44297,148327,265275,226839,226839,NA,84316,224,NA,NA,NA,46677,151,37264,57103,119572,241678,255446,984954,1879553,103607,62319,1920841,37000,51915
Tripura,2012-13,550569,337685,36718,109650,66516,123568,674137,115351,53862,149833,319046,262147,262147,NA,76271,248,NA,NA,NA,62940,182,12901,65436,133892,264358,257379,1059483,2052666,109905,75274,2087297,37440,55750
Tripura,2013-14,646611,367407,69506,131213,78485,124916,771527,107836,45538,167203,320577,250939,250939,NA,79274,817,NA,NA,NA,64414,193,13850,69287,144245,273604,325136,1142485,2234589,128765,81443,2281911,37890,60225
Tripura,2014-15,705272,403012,75565,142734,83961,134337,839609,121549,50049,185898,357496,278315,278315,NA,104922,882,NA,NA,NA,85900,239,17900,75904,168091,303616,334219,1265067,2462172,125375,78915,2508632,38350,65414
Uttar Pradesh,2011-12,18324305,12415418,4382274,1249516,277097,653517,18977822,8763582,926846,8487701,18178129,6946589,6162196,784393,4048142,1066108,1976901,1496,7630,9842,111006,875159,2518230,9745417,4234830,3540115,31033322,68189273,7063430,2847848,72404855,2015910,35917
Uttar Pradesh,2012-13,19160893,13040500,4596316,1234036,290041,696725,19857618,9144724,980598,8573753,18699075,6946796,6173854,772942,4617916,1137692,2336123,725,13640,11128,113554,1005054,2652258,10240561,4726108,3568849,32752488,71309181,7217636,3034000,75492817,2046780,36884
Uttar Pradesh,2013-14,19070840,12746949,4813669,1210684,299538,886021,19956861,10418284,1108408,8671274,20197966,7646926,6779085,867841,5166333,1217010,2603765,460,13653,12823,119556,1199067,2727046,10960347,4846772,3746587,35094011,75248838,7742729,2668300,80323267,2078120,38652
Uttar Pradesh,2014-15,18534936,11938796,5089886,1187513,318741,924552,19459488,10968287,1169379,9325504,21463170,8116973,7290918,826055,6317166,1301857,3315905,570,30585,13648,143484,1511117,2803943,12088771,5236732,4176839,38740424,79663082,8483011,2758900,85387193,2109940,40469
Uttar Pradesh,2015-16,19624905,12765136,5354255,1161761,343753,944487,20569392,11714606,1256874,9627227,22598707,8668927,7786700,882227,6751399,1273216,3691292,634,34048,15193,156388,1580628,3073122,13271191,5624247,4517547,41906435,85074534,9239494,2839270,91474758,2110940,43334
Uttarakhand,2011-12,1330208,764026,287787,274833,3562,186083,1516291,4365135,398079,883766,5646980,1192897,1013998,178899,703707,14140,218488,NA,652,NA,579,469848,293318,588825,412001,498856,3689604,10852875,919682,220207,11552350,101650,113648
Uttarakhand,2012-13,1355631,772456,308813,270748,3614,181554,1537185,4891525,427949,880181,6199655,1306187,1129991,176196,767141,15753,241308,NA,1142,NA,629,508309,296220,639825,295386,619019,3923778,11660618,988690,260253,12389055,103020,120259
Uttarakhand,2013-14,1339653,725587,328324,282084,3658,294068,1633721,5078350,431792,1027310,6537452,1419408,1254236,165172,838380,15974,252711,NA,1900,NA,647,567148,314298,625463,426811,727454,4351814,12522987,1110825,224938,13408874,104410,128425
Uttarakhand,2014-15,1349161,724374,334828,286222,3737,192610,1541771,5351515,471648,1030560,6853723,1480218,1302711,177507,928448,18186,267573,NA,3388,-66,575,638792,326962,683704,483390,834265,4736987,13132481,1210816,264245,14079052,105820,133047
Uttarakhand,2015-16,1406001,750822,347446,303936,3797,236717,1642718,5444564,516553,1330096,7291213,1600023,1419892,180131,1052007,20780,314847,NA,6544,NA,580,709256,339083,737825,556165,1009250,5294353,14228284,1359529,283670,15304143,107240,142709
